n_requested,n_actual,grid,cells_per_robot,seed,steps_run,survivors,final_cov,final_found,found_frac,deaths,hazard_deaths,battery_deaths,peak_relays,t_first_found,t_half_found,t_all_found,completed,wall_s,step_mean_ms,step_p50_ms,step_p90_ms,step_max_ms,ground_mean_ms,ground_p90_ms,astar_sum_mean_ms,astar_max_mean_ms,astar_max_p90_ms,dist_mean_ms,dist_p90_ms,role_ms,alloc_ms,relay_cover_ms,explorer_move_ms,relay_move_ms,astar_explorer_ms,astar_relay_ms,other_ms,step_ms_per_robot,ground_ms_per_robot,role_ms_per_robot,alloc_ms_per_robot,relay_cover_ms_per_robot,explorer_move_ms_per_robot,relay_move_ms_per_robot
10,10,90,810.0,101,1500,9,95.49,5,0.556,2,0,2,6,1,322,-1,0,33.4,22.277,21.215,31.956,47.741,9.829,13.727,12.448,3.368,5.709,13.197,17.487,1.254,0.286,0.076,15.508,0.381,12.311,0.136,4.772,2.2277,0.9829,0.1254,0.0286,0.0076,1.5508,0.0381
10,10,90,810.0,102,1232,9,96.77,9,1.0,3,0,3,6,141,394,1232,1,27.3,22.129,15.542,48.833,61.997,9.573,13.177,12.555,3.389,6.372,12.962,18.969,1.201,0.283,0.109,15.247,0.621,12.342,0.214,4.668,2.2129,0.9573,0.1201,0.0283,0.0109,1.5247,0.0621
10,10,90,810.0,103,1500,9,95.21,5,0.556,2,0,2,6,1,97,-1,0,42.4,28.264,29.309,37.009,53.119,10.007,14.737,18.257,5.063,6.073,15.07,19.754,1.37,0.319,0.038,20.855,0.176,18.25,0.007,5.507,2.8264,1.0007,0.137,0.0319,0.0038,2.0855,0.0176
10,10,90,810.0,104,904,9,95.59,9,1.0,3,0,3,6,1,41,904,1,18.2,20.077,19.722,32.914,59.725,11.777,14.616,8.299,3.391,6.438,15.168,20.611,2.952,0.45,0.116,9.784,0.309,8.271,0.028,6.465,2.0077,1.1777,0.2952,0.045,0.0116,0.9784,0.0309
10,10,90,810.0,105,1500,9,94.02,6,0.667,2,0,2,5,72,341,-1,0,24.9,16.617,14.586,27.716,47.876,10.1,14.88,6.517,3.258,5.638,13.357,18.656,2.525,0.354,0.041,8.602,0.19,6.504,0.013,4.904,1.6617,1.01,0.2525,0.0354,0.0041,0.8602,0.019
10,10,90,810.0,106,1500,9,93.68,7,0.778,2,0,2,5,1,89,-1,0,35.1,23.406,24.208,28.467,51.41,10.086,13.87,13.32,4.268,5.752,14.355,18.64,1.347,0.341,0.057,16.565,0.303,13.312,0.008,4.794,2.3406,1.0086,0.1347,0.0341,0.0057,1.6565,0.0303
10,10,90,810.0,107,1500,9,99.88,8,0.889,3,0,3,5,10,61,-1,0,21.1,14.034,11.1,29.198,59.857,8.241,13.561,5.793,2.556,6.37,10.797,19.31,1.477,0.3,0.112,7.656,0.247,5.769,0.024,4.243,1.4034,0.8241,0.1477,0.03,0.0112,0.7656,0.0247
10,10,90,810.0,108,1500,9,99.22,6,0.667,3,0,3,4,16,121,-1,0,30.8,20.497,19.329,29.609,57.102,9.174,15.3,11.323,3.378,6.157,12.551,19.917,1.596,0.334,0.068,13.735,0.369,11.184,0.139,4.394,2.0497,0.9174,0.1596,0.0334,0.0068,1.3735,0.0369
10,10,90,810.0,109,727,9,91.63,9,1.0,2,0,2,4,61,153,727,1,16.1,22.113,20.728,36.835,86.451,10.551,13.044,11.562,4.056,6.894,14.607,18.562,1.171,0.489,0.042,13.509,0.424,11.481,0.08,6.479,2.2113,1.0551,0.1171,0.0489,0.0042,1.3509,0.0424
10,10,90,810.0,110,1500,9,96.44,8,0.889,3,0,3,6,8,31,-1,0,19.6,13.085,11.89,19.588,42.971,7.613,10.449,5.472,2.882,6.315,10.495,13.962,1.516,0.192,0.11,6.334,0.76,5.348,0.123,4.172,1.3085,0.7613,0.1516,0.0192,0.011,0.6334,0.076
10,10,90,810.0,111,981,9,98.59,9,1.0,1,0,1,6,42,204,981,1,26.9,27.443,26.529,42.988,65.36,10.394,13.396,17.049,4.55,6.699,14.943,19.879,1.183,0.295,0.116,17.551,2.147,15.544,1.505,6.15,2.7443,1.0394,0.1183,0.0295,0.0116,1.7551,0.2147
10,10,90,810.0,112,843,9,96.26,9,1.0,3,0,3,6,6,130,843,1,19.0,22.55,20.025,37.744,73.534,10.377,13.372,12.172,3.54,6.377,13.917,18.606,1.025,0.4,0.143,14.02,0.756,11.772,0.4,6.205,2.255,1.0377,0.1025,0.04,0.0143,1.402,0.0756
10,10,90,810.0,113,1500,9,97.85,8,0.889,1,0,1,6,2,32,-1,0,29.8,19.848,18.338,30.797,84.369,9.582,14.26,10.266,4.157,6.115,13.739,19.953,2.46,0.298,0.113,11.471,0.707,10.157,0.109,4.8,1.9848,0.9582,0.246,0.0298,0.0113,1.1471,0.0707
10,10,90,810.0,114,1500,9,98.64,8,0.889,5,0,5,7,23,75,-1,0,39.4,26.279,27.807,42.873,62.226,8.987,14.004,17.292,4.293,6.77,13.28,20.098,1.43,0.372,0.189,19.16,0.35,17.242,0.05,4.777,2.6279,0.8987,0.143,0.0372,0.0189,1.916,0.035
10,10,90,810.0,115,1500,9,99.7,8,0.889,4,0,4,5,1,197,-1,0,24.2,16.161,16.98,31.943,68.347,8.366,13.995,7.795,2.066,5.446,10.432,17.108,0.9,0.229,0.065,10.573,0.312,7.735,0.06,4.083,1.6161,0.8366,0.09,0.0229,0.0065,1.0573,0.0312
10,10,90,810.0,116,1500,9,97.57,8,0.889,1,0,1,6,31,161,-1,0,59.9,39.944,45.57,59.113,71.923,9.129,12.997,30.815,5.321,6.439,14.45,18.099,2.104,0.235,0.128,33.274,0.575,30.585,0.23,3.627,3.9944,0.9129,0.2104,0.0235,0.0128,3.3274,0.0575
10,10,90,810.0,117,428,9,81.81,9,1.0,0,0,0,5,1,141,428,1,6.3,14.732,13.572,21.268,51.063,11.364,13.458,3.368,2.386,3.52,13.75,17.762,1.36,0.413,0.168,3.214,2.294,1.794,1.575,7.283,1.4732,1.1364,0.136,0.0413,0.0168,0.3214,0.2294
10,10,90,810.0,118,776,9,95.56,9,1.0,3,0,3,6,16,110,776,1,16.7,21.462,19.259,36.824,72.191,12.629,16.565,8.833,3.202,6.496,15.831,22.433,1.488,0.422,0.114,11.073,0.739,8.473,0.36,7.625,2.1462,1.2629,0.1488,0.0422,0.0114,1.1073,0.0739
10,10,90,810.0,119,494,9,88.89,9,1.0,0,0,0,6,38,184,494,1,11.6,23.385,20.379,34.532,58.081,13.64,16.235,9.744,3.568,6.515,17.208,21.957,1.719,0.593,0.248,11.616,1.962,8.498,1.246,7.247,2.3385,1.364,0.1719,0.0593,0.0248,1.1616,0.1962
10,10,90,810.0,120,487,9,87.04,9,1.0,1,0,1,6,1,47,487,1,10.5,21.494,17.001,39.939,63.751,12.484,15.914,9.011,3.322,6.037,15.806,21.745,1.913,0.432,0.304,9.499,2.108,7.597,1.413,7.238,2.1494,1.2484,0.1913,0.0432,0.0304,0.9499,0.2108
20,20,126,793.8,101,377,18,88.11,18,1.0,0,0,0,7,14,52,377,1,13.7,36.311,30.729,62.556,125.464,31.057,47.156,5.253,2.608,9.232,33.665,55.255,2.81,3.325,0.476,9.344,1.161,5.049,0.204,19.195,1.8155,1.5529,0.1405,0.1663,0.0238,0.4672,0.058
20,20,126,793.8,102,1004,18,98.85,18,1.0,6,0,6,7,9,65,1004,1,62.5,62.29,54.331,94.284,143.605,26.614,40.297,35.675,8.355,12.43,34.969,46.493,3.163,1.149,0.329,44.313,0.614,35.579,0.096,12.722,3.1145,1.3307,0.1581,0.0575,0.0164,2.2157,0.0307
20,20,126,793.8,103,878,18,98.72,18,1.0,7,0,7,6,6,114,878,1,59.7,68.019,62.628,112.024,171.634,25.455,35.413,42.564,8.933,12.853,34.388,46.102,2.321,1.698,0.259,44.322,4.136,39.354,3.21,15.284,3.401,1.2728,0.116,0.0849,0.0129,2.2161,0.2068
20,20,126,793.8,104,1500,18,99.72,16,0.889,5,0,5,6,1,54,-1,0,61.3,40.855,14.05,103.691,201.558,16.644,30.036,24.212,4.648,12.412,21.292,40.841,1.675,0.92,0.171,30.215,0.254,24.162,0.05,7.62,2.0428,0.8322,0.0837,0.046,0.0085,1.5108,0.0127
20,20,126,793.8,105,429,18,89.32,18,1.0,0,0,0,6,15,164,429,1,19.1,44.551,38.336,73.913,188.0,29.445,36.509,15.106,6.898,13.172,36.343,48.23,2.905,1.765,0.313,16.618,3.287,12.833,2.273,19.663,2.2276,1.4723,0.1452,0.0882,0.0156,0.8309,0.1644
20,20,126,793.8,106,828,18,99.61,18,1.0,6,0,6,7,30,151,828,1,37.9,45.747,40.825,79.51,142.288,26.44,38.568,19.307,6.519,12.301,32.959,49.419,3.486,2.221,0.429,23.946,0.76,19.156,0.151,14.905,2.2874,1.322,0.1743,0.1111,0.0214,1.1973,0.038
20,20,126,793.8,107,328,18,80.56,18,1.0,0,0,0,6,1,126,328,1,15.8,48.066,40.475,80.611,126.576,30.782,37.954,17.284,7.044,12.96,37.826,50.843,2.683,2.636,0.552,21.306,0.928,17.063,0.222,19.96,2.4033,1.5391,0.1342,0.1318,0.0276,1.0653,0.0464
20,20,126,793.8,108,1500,18,99.58,17,0.944,8,0,8,6,9,67,-1,0,110.5,73.672,70.312,118.006,200.109,22.874,36.321,50.798,10.654,13.243,33.528,48.703,1.725,1.457,0.162,55.513,2.133,49.296,1.502,12.682,3.6836,1.1437,0.0863,0.0728,0.0081,2.7756,0.1067
20,20,126,793.8,109,468,18,89.75,18,1.0,0,0,0,7,12,106,468,1,35.7,76.229,70.125,122.487,210.386,33.445,42.896,42.784,9.557,12.879,43.002,54.533,3.082,2.097,0.54,52.566,0.924,42.67,0.115,17.021,3.8115,1.6723,0.1541,0.1048,0.027,2.6283,0.0462
20,20,126,793.8,110,1500,18,99.76,17,0.944,8,0,8,7,1,40,-1,0,92.7,61.772,52.698,124.3,195.126,18.291,32.543,43.481,10.648,13.153,28.939,45.23,1.542,0.871,0.092,47.882,1.482,42.546,0.934,9.903,3.0886,0.9146,0.0771,0.0435,0.0046,2.3941,0.0741
20,20,126,793.8,111,1500,18,99.01,17,0.944,9,0,9,6,1,145,-1,0,61.5,40.966,33.401,76.752,185.151,23.303,41.055,17.662,4.472,12.393,27.775,48.532,2.402,1.891,0.253,24.403,0.424,17.573,0.09,11.593,2.0483,1.1652,0.1201,0.0946,0.0127,1.2201,0.0212
20,20,126,793.8,112,1500,18,98.02,13,0.722,7,0,7,7,35,283,-1,0,90.1,60.071,32.449,150.689,216.287,19.263,33.911,40.807,8.144,13.041,27.408,46.572,2.339,1.057,0.088,46.32,1.482,39.717,1.091,8.785,3.0035,0.9632,0.1169,0.0528,0.0044,2.316,0.0741
20,20,126,793.8,113,1500,18,99.26,15,0.833,7,0,7,6,1,49,-1,0,63.4,42.263,38.804,65.673,139.844,18.601,33.583,23.662,9.359,12.096,27.961,40.963,2.295,0.88,0.102,29.055,1.439,22.686,0.975,8.493,2.1131,0.9301,0.1147,0.044,0.0051,1.4527,0.0719
20,20,126,793.8,114,777,18,99.69,18,1.0,7,0,7,7,31,150,777,1,37.4,48.077,42.035,78.161,184.136,23.656,32.878,24.42,9.05,12.483,32.707,44.442,2.024,1.586,0.305,26.466,3.02,22.276,2.145,14.675,2.4038,1.1828,0.1012,0.0793,0.0152,1.3233,0.151
20,20,126,793.8,115,1500,18,99.99,17,0.944,1,0,1,6,9,55,-1,0,65.5,43.645,18.36,116.859,275.716,17.313,29.158,26.332,3.373,13.061,20.686,35.21,1.878,1.025,0.168,32.294,0.51,26.279,0.053,7.771,2.1823,0.8657,0.0939,0.0513,0.0084,1.6147,0.0255
20,20,126,793.8,116,1500,18,99.02,17,0.944,7,0,7,6,15,56,-1,0,51.1,34.032,22.385,79.442,162.967,17.891,30.41,16.141,5.292,12.644,23.183,40.19,2.06,0.965,0.069,21.092,0.507,15.937,0.203,9.339,1.7016,0.8946,0.103,0.0483,0.0035,1.0546,0.0253
20,20,126,793.8,117,347,18,84.52,18,1.0,0,0,0,8,1,67,347,1,15.9,45.71,41.479,68.997,145.612,30.012,38.292,15.699,7.341,13.09,37.353,50.662,2.673,2.682,0.559,14.848,6.505,11.052,4.647,18.442,2.2855,1.5006,0.1336,0.1341,0.028,0.7424,0.3253
20,20,126,793.8,118,1500,18,99.09,15,0.833,6,0,6,7,15,43,-1,0,107.1,71.413,79.931,107.895,164.507,23.99,38.026,47.423,8.75,12.886,32.741,48.481,2.218,1.321,0.175,54.785,1.166,46.739,0.684,11.747,3.5707,1.1995,0.1109,0.0661,0.0088,2.7393,0.0583
20,20,126,793.8,119,1500,18,99.84,17,0.944,11,0,11,6,1,49,-1,0,53.4,35.581,30.254,73.614,191.058,19.976,33.725,15.605,5.168,12.466,25.144,42.689,1.855,1.522,0.293,20.636,0.624,15.491,0.114,10.652,1.7791,0.9988,0.0928,0.0761,0.0146,1.0318,0.0312
20,20,126,793.8,120,1500,18,99.83,17,0.944,8,0,8,7,2,78,-1,0,55.8,37.183,27.874,82.19,161.002,18.316,33.475,18.867,5.792,12.559,24.108,44.119,1.749,0.938,0.283,24.164,0.445,18.773,0.094,9.604,1.8591,0.9158,0.0875,0.0469,0.0141,1.2082,0.0222
30,30,156,811.2,101,496,27,93.48,27,1.0,4,0,4,7,1,76,496,1,50.0,100.884,80.505,176.188,322.744,56.666,110.155,44.218,12.336,21.182,69.002,128.617,3.782,9.802,0.687,52.602,1.382,44.003,0.215,32.629,3.3628,1.8889,0.1261,0.3267,0.0229,1.7534,0.0461
30,30,156,811.2,102,1500,27,99.88,26,0.963,13,0,13,7,1,110,-1,0,117.9,78.59,63.48,154.466,334.455,34.052,56.15,44.537,12.475,19.527,46.527,71.674,2.623,2.831,0.285,49.024,5.626,40.321,4.217,18.201,2.6197,1.1351,0.0874,0.0944,0.0095,1.6341,0.1875
30,30,156,811.2,103,947,27,99.52,27,1.0,9,0,9,7,1,62,947,1,103.9,109.662,96.589,183.315,376.89,44.666,68.837,64.996,13.32,19.771,57.986,86.406,3.675,4.77,0.513,77.137,0.78,64.859,0.137,22.787,3.6554,1.4889,0.1225,0.159,0.0171,2.5712,0.026
30,30,156,811.2,104,649,27,88.72,27,1.0,9,0,9,6,7,56,649,1,59.5,91.653,69.915,165.394,348.391,55.342,91.876,36.311,9.981,19.405,65.322,109.441,4.048,8.039,0.587,48.242,1.437,36.097,0.214,29.301,3.0551,1.8447,0.1349,0.268,0.0196,1.6081,0.0479
30,30,156,811.2,105,373,27,82.79,27,1.0,0,0,0,6,2,83,373,1,32.5,87.242,73.835,135.275,330.692,62.295,111.837,24.947,9.223,20.331,71.519,118.458,5.756,9.352,0.708,36.064,1.782,24.674,0.273,33.581,2.9081,2.0765,0.1919,0.3117,0.0236,1.2021,0.0594
30,30,156,811.2,106,355,27,81.74,27,1.0,0,0,0,5,7,75,355,1,30.9,87.017,76.435,168.809,257.974,58.946,122.61,28.071,11.916,20.501,70.862,134.276,3.595,11.459,0.454,36.753,1.313,27.821,0.25,33.443,2.9006,1.9649,0.1198,0.382,0.0151,1.2251,0.0438
30,30,156,811.2,107,1500,27,99.68,26,0.963,14,0,14,6,1,146,-1,0,172.9,115.272,105.876,201.894,383.476,38.732,63.642,76.539,16.3,20.336,55.033,83.317,3.16,3.903,0.387,86.482,0.875,76.432,0.107,20.465,3.8424,1.2911,0.1053,0.1301,0.0129,2.8827,0.0292
30,30,156,811.2,108,218,27,68.59,27,1.0,0,0,0,7,11,40,218,1,13.9,63.696,52.399,133.692,255.579,52.982,125.228,10.714,5.441,19.019,58.423,129.796,4.118,10.183,0.823,17.912,1.788,10.432,0.282,28.872,2.1232,1.7661,0.1373,0.3394,0.0274,0.5971,0.0596
30,30,156,811.2,109,670,27,96.93,27,1.0,7,0,7,7,6,68,670,1,49.5,73.838,58.411,144.368,349.85,49.849,78.753,23.989,7.95,18.697,57.799,94.365,4.537,7.877,0.357,29.302,4.743,20.897,3.092,27.021,2.4613,1.6616,0.1512,0.2626,0.0119,0.9767,0.1581
30,30,156,811.2,110,1500,27,99.32,23,0.852,10,0,10,8,4,233,-1,0,168.9,112.593,91.004,239.137,415.704,36.369,57.34,76.224,12.47,20.12,48.839,76.704,3.089,4.23,0.323,86.365,1.049,76.13,0.094,17.536,3.7531,1.2123,0.103,0.141,0.0108,2.8788,0.035
30,30,156,811.2,111,838,27,98.9,27,1.0,9,0,9,6,10,53,838,1,84.0,100.187,88.679,158.741,291.5,46.015,69.441,54.171,12.313,19.409,58.328,82.532,4.199,4.214,0.201,59.363,8.511,47.183,6.989,23.698,3.3396,1.5338,0.14,0.1405,0.0067,1.9788,0.2837
30,30,156,811.2,112,484,27,95.04,27,1.0,1,0,1,6,1,91,484,1,38.9,80.312,72.813,123.845,263.055,55.96,74.279,24.353,8.381,18.764,64.341,88.425,3.425,5.824,0.316,34.248,6.753,18.851,5.502,29.747,2.6771,1.8653,0.1142,0.1941,0.0105,1.1416,0.2251
30,30,156,811.2,113,1500,27,99.32,22,0.815,10,0,10,6,1,136,-1,0,95.8,63.886,31.524,153.099,362.036,35.98,63.28,27.907,6.692,19.148,42.671,77.145,4.698,3.439,0.161,37.065,4.188,24.432,3.475,14.335,2.1295,1.1993,0.1566,0.1146,0.0054,1.2355,0.1396
30,30,156,811.2,114,1500,27,99.23,22,0.815,10,0,10,7,1,207,-1,0,321.4,214.288,213.608,302.941,381.37,38.278,63.593,176.01,19.157,20.675,57.435,82.732,2.897,2.711,0.112,186.146,3.186,173.685,2.325,19.236,7.1429,1.2759,0.0966,0.0904,0.0037,6.2049,0.1062
30,30,156,811.2,115,534,27,87.16,27,1.0,3,0,3,6,1,113,534,1,58.6,109.745,88.476,184.023,334.971,60.368,107.772,49.377,13.065,20.722,73.433,124.406,4.307,9.606,0.459,56.718,6.394,44.714,4.662,32.26,3.6582,2.0123,0.1436,0.3202,0.0153,1.8906,0.2131
30,30,156,811.2,116,1500,27,99.72,25,0.926,10,0,10,6,1,73,-1,0,86.7,57.777,52.467,122.986,345.512,30.333,54.278,27.444,9.455,19.906,39.788,65.392,1.893,2.548,0.221,37.786,0.522,27.393,0.051,14.807,1.9259,1.0111,0.0631,0.0849,0.0074,1.2595,0.0174
30,30,156,811.2,117,505,27,95.55,27,1.0,2,0,2,7,5,64,505,1,33.6,66.555,54.037,126.232,271.08,55.118,91.136,11.437,5.091,18.9,60.209,102.429,7.89,7.798,0.547,19.514,1.169,11.113,0.325,29.635,2.2185,1.8373,0.263,0.2599,0.0182,0.6505,0.039
30,30,156,811.2,118,559,27,96.17,27,1.0,4,0,4,7,4,123,559,1,94.9,169.676,114.28,384.752,506.335,52.913,68.518,116.763,14.198,19.94,67.111,87.836,4.623,5.541,0.378,128.139,0.943,116.643,0.121,30.053,5.6559,1.7638,0.1541,0.1847,0.0126,4.2713,0.0314
30,30,156,811.2,119,481,27,88.98,27,1.0,1,0,1,6,9,55,481,1,42.1,87.44,64.965,173.001,343.095,60.412,120.575,27.028,8.758,19.577,69.171,131.019,6.916,9.914,0.426,35.889,1.131,26.823,0.206,33.164,2.9147,2.0137,0.2305,0.3305,0.0142,1.1963,0.0377
30,30,156,811.2,120,435,27,86.96,27,1.0,1,0,1,7,18,76,435,1,30.3,69.688,56.938,126.251,262.555,56.906,100.134,12.782,4.383,9.701,61.289,108.297,3.834,8.219,0.649,23.841,1.765,12.594,0.187,31.38,2.3229,1.8969,0.1278,0.274,0.0216,0.7947,0.0588
40,40,180,810.0,101,342,36,84.87,36,1.0,0,0,0,7,1,153,342,1,31.5,92.185,68.077,180.008,448.383,80.19,173.899,11.995,5.878,24.901,86.068,177.246,5.644,16.199,0.813,21.568,1.817,11.75,0.245,46.144,2.3046,2.0047,0.1411,0.405,0.0203,0.5392,0.0454
40,40,180,810.0,102,675,36,94.88,36,1.0,12,0,12,7,1,119,675,1,92.6,137.151,113.021,262.821,541.097,90.329,175.601,46.822,10.172,25.89,100.501,189.047,8.01,17.813,0.665,68.864,1.48,46.594,0.228,40.319,3.4288,2.2582,0.2003,0.4453,0.0166,1.7216,0.037
40,40,180,810.0,103,322,36,88.49,36,1.0,0,0,0,7,4,99,322,1,32.1,99.711,74.759,201.539,628.941,81.223,160.758,18.488,6.716,26.062,87.939,177.312,7.36,13.99,0.907,29.54,1.191,18.27,0.218,46.722,2.4928,2.0306,0.184,0.3498,0.0227,0.7385,0.0298
40,40,180,810.0,104,535,36,95.02,36,1.0,7,0,7,7,20,88,535,1,61.6,115.115,97.242,194.138,577.457,83.939,140.645,31.177,12.498,25.42,96.437,153.635,4.546,13.668,0.552,35.13,14.104,19.29,11.887,47.116,2.8779,2.0985,0.1137,0.3417,0.0138,0.8782,0.3526
40,40,180,810.0,105,980,36,99.98,36,1.0,13,0,13,7,1,102,980,1,93.9,95.857,77.533,172.503,581.398,66.814,105.814,29.043,10.718,24.971,77.532,123.6,5.661,11.739,0.516,36.52,9.031,22.024,7.02,32.39,2.3964,1.6703,0.1415,0.2935,0.0129,0.913,0.2258
40,40,180,810.0,106,1500,36,99.95,35,0.972,21,0,21,7,1,123,-1,0,131.0,87.357,66.548,164.575,441.186,56.062,105.759,31.295,5.721,24.232,61.783,115.806,3.636,8.306,0.617,48.435,1.202,31.059,0.236,25.161,2.1839,1.4015,0.0909,0.2077,0.0154,1.2109,0.0301
40,40,180,810.0,107,483,36,98.27,36,1.0,8,0,8,7,1,98,483,1,57.4,118.86,93.073,248.866,455.565,85.95,169.215,32.911,9.43,17.199,95.38,182.324,4.93,17.416,0.876,50.398,1.886,32.536,0.375,43.355,2.9715,2.1487,0.1232,0.4354,0.0219,1.26,0.0471
40,40,180,810.0,108,361,36,93.85,36,1.0,0,0,0,7,1,103,361,1,36.5,100.998,85.177,186.237,532.013,86.969,173.545,14.029,7.543,25.63,94.512,179.195,5.265,18.77,0.737,23.895,1.132,13.838,0.19,51.199,2.525,2.1742,0.1316,0.4692,0.0184,0.5974,0.0283
40,40,180,810.0,109,645,36,99.12,36,1.0,11,0,11,6,9,62,645,1,116.0,179.795,138.523,332.819,533.088,85.516,137.857,94.279,15.995,27.169,101.51,158.598,5.373,14.61,0.605,115.024,1.458,94.067,0.211,42.724,4.4949,2.1379,0.1343,0.3653,0.0151,2.8756,0.0365
40,40,180,810.0,110,395,36,89.98,36,1.0,1,0,1,7,1,75,395,1,51.4,130.059,106.361,251.918,540.448,96.971,194.131,33.088,9.97,24.553,106.941,207.987,5.201,22.095,0.482,47.434,8.874,26.85,6.238,45.974,3.2515,2.4243,0.13,0.5524,0.012,1.1859,0.2218
40,40,180,810.0,111,704,36,99.73,36,1.0,14,0,14,8,1,244,704,1,99.1,140.794,106.972,274.445,538.947,68.523,98.669,72.271,17.033,26.847,85.556,126.215,5.118,10.922,0.804,84.26,1.423,71.991,0.28,38.267,3.5199,1.7131,0.1279,0.273,0.0201,2.1065,0.0356
40,40,180,810.0,112,302,36,82.15,36,1.0,0,0,0,6,1,80,302,1,35.2,116.39,87.242,279.063,558.822,92.425,207.574,23.965,9.299,26.054,101.724,225.554,9.059,22.854,0.77,34.77,3.359,23.434,0.532,45.579,2.9098,2.3106,0.2265,0.5714,0.0192,0.8692,0.084
40,40,180,810.0,113,1500,36,99.43,28,0.778,12,0,12,8,14,136,-1,0,170.2,113.475,55.519,279.522,607.365,53.219,87.475,60.257,10.84,26.247,64.059,112.923,6.578,7.885,0.255,74.633,4.915,56.726,3.531,19.209,2.8369,1.3305,0.1645,0.1971,0.0064,1.8658,0.1229
40,40,180,810.0,114,526,36,94.24,36,1.0,6,0,6,7,9,79,526,1,77.7,147.662,115.447,289.885,590.097,87.136,172.387,60.526,15.63,26.306,102.765,185.396,5.643,17.686,0.745,76.467,1.376,60.213,0.313,45.744,3.6915,2.1784,0.1411,0.4422,0.0186,1.9117,0.0344
40,40,180,810.0,115,800,36,93.76,36,1.0,12,0,12,7,1,79,800,1,99.3,124.167,106.775,230.292,516.95,88.374,160.749,35.793,9.244,25.252,97.617,172.952,8.611,17.184,0.565,56.809,1.374,35.505,0.288,39.624,3.1042,2.2093,0.2153,0.4296,0.0141,1.4202,0.0344
40,40,180,810.0,116,673,36,99.25,36,1.0,14,0,14,6,1,100,673,1,87.5,130.011,109.556,246.3,445.684,80.759,162.218,49.252,15.191,26.734,95.951,180.543,4.93,17.145,0.464,58.532,6.748,44.212,5.04,42.193,3.2503,2.019,0.1233,0.4286,0.0116,1.4633,0.1687
40,40,180,810.0,117,439,36,94.1,36,1.0,0,0,0,7,1,122,439,1,70.3,160.08,142.544,298.199,467.545,82.343,146.878,77.737,17.631,27.804,99.974,175.286,6.086,14.375,0.586,89.419,1.875,77.523,0.214,47.739,4.002,2.0586,0.1521,0.3594,0.0146,2.2355,0.0469
40,40,180,810.0,118,693,36,99.9,36,1.0,14,0,14,8,4,152,693,1,72.7,104.886,82.699,206.098,665.667,71.013,124.922,33.873,12.225,26.484,83.238,147.512,5.361,12.544,0.768,44.512,1.253,33.542,0.331,40.448,2.6222,1.7753,0.134,0.3136,0.0192,1.1128,0.0313
40,40,180,810.0,119,604,36,98.38,36,1.0,9,0,9,8,1,78,604,1,85.1,140.858,110.941,266.18,525.483,85.196,159.294,55.662,13.805,27.042,99.001,173.173,6.116,15.812,0.648,74.759,1.57,55.421,0.241,41.954,3.5214,2.1299,0.1529,0.3953,0.0162,1.869,0.0392
40,40,180,810.0,120,364,36,93.47,36,1.0,0,0,0,8,1,82,364,1,39.3,107.915,87.272,219.6,511.05,88.976,189.25,18.939,8.468,26.18,97.444,198.153,6.211,19.7,0.745,29.479,2.784,18.6,0.339,48.996,2.6979,2.2244,0.1553,0.4925,0.0186,0.737,0.0696
50,50,200,800.0,101,638,45,99.86,45,1.0,12,0,12,6,2,198,638,1,246.9,386.947,153.152,1073.35,1460.69,103.288,148.932,283.659,17.801,32.795,121.089,171.752,8.652,12.52,0.711,307.916,1.855,283.308,0.351,55.293,7.7389,2.0658,0.173,0.2504,0.0142,6.1583,0.0371
50,50,200,800.0,102,513,45,99.25,45,1.0,9,0,9,7,1,66,513,1,70.4,137.293,103.398,294.176,572.719,107.979,206.714,29.314,9.906,31.951,117.885,230.49,7.762,20.32,0.752,46.664,2.199,28.991,0.323,59.597,2.7459,2.1596,0.1552,0.4064,0.015,0.9333,0.044
50,50,200,800.0,103,467,45,98.87,45,1.0,4,0,4,8,1,67,467,1,101.2,216.676,153.182,457.637,1103.055,114.972,177.183,101.704,18.331,32.744,133.304,201.487,10.145,17.497,0.886,124.485,1.951,101.341,0.363,61.711,4.3335,2.2994,0.2029,0.3499,0.0177,2.4897,0.039
50,50,200,800.0,104,436,45,96.11,45,1.0,3,0,3,6,16,57,436,1,74.3,170.509,148.201,305.407,538.979,116.934,190.68,53.575,16.208,33.612,133.142,203.147,6.936,17.048,0.812,80.889,1.202,53.265,0.31,63.623,3.4102,2.3387,0.1387,0.341,0.0162,1.6178,0.024
50,50,200,800.0,105,555,45,99.51,45,1.0,11,0,11,7,1,76,555,1,109.8,197.807,137.838,437.535,725.423,100.856,162.156,96.951,16.21,32.5,117.066,184.22,8.838,15.325,0.975,114.09,1.791,96.602,0.349,56.788,3.9561,2.0171,0.1768,0.3065,0.0195,2.2818,0.0358
50,50,200,800.0,106,379,45,96.28,45,1.0,2,0,2,6,7,139,379,1,59.0,155.697,127.233,291.118,630.875,108.048,175.3,47.648,14.136,32.965,122.185,204.796,8.92,14.284,0.742,63.107,2.376,47.326,0.322,66.268,3.1139,2.161,0.1784,0.2857,0.0148,1.2621,0.0475
50,50,200,800.0,107,499,45,98.63,45,1.0,6,0,6,8,1,71,499,1,111.5,223.347,172.491,424.227,697.121,114.866,164.333,108.48,21.059,34.106,135.925,190.213,6.631,16.39,0.579,124.065,14.999,96.367,12.114,60.683,4.4669,2.2973,0.1326,0.3278,0.0116,2.4813,0.3
50,50,200,800.0,108,418,45,97.22,45,1.0,1,0,1,6,8,106,418,1,61.1,146.111,117.723,285.985,565.168,115.5,206.384,30.611,10.476,31.823,125.976,213.048,9.68,18.771,0.821,51.376,2.447,30.217,0.394,63.015,2.9222,2.31,0.1936,0.3754,0.0164,1.0275,0.0489
50,50,200,800.0,109,315,45,85.27,45,1.0,0,0,0,7,1,73,315,1,62.1,197.069,172.335,320.534,628.944,130.777,236.352,66.291,17.197,32.63,147.975,249.572,6.847,17.608,0.553,89.521,18.828,50.597,15.694,63.712,3.9414,2.6155,0.1369,0.3522,0.0111,1.7904,0.3766
50,50,200,800.0,110,1009,45,99.91,45,1.0,14,0,14,7,1,89,1009,1,514.2,509.639,347.086,1045.432,1164.343,83.471,125.614,426.169,23.247,32.557,106.717,142.529,5.199,8.522,0.722,449.507,2.055,425.887,0.282,43.635,10.1928,1.6694,0.104,0.1704,0.0144,8.9901,0.0411
50,50,200,800.0,111,596,45,99.68,45,1.0,16,0,16,7,1,152,596,1,99.1,166.328,130.205,331.629,677.152,92.577,139.308,73.751,17.019,32.954,109.597,164.609,7.339,11.043,0.749,91.018,1.529,73.442,0.309,54.651,3.3266,1.8515,0.1468,0.2209,0.015,1.8204,0.0306
50,50,200,800.0,112,467,45,97.84,45,1.0,1,0,1,7,1,158,467,1,108.2,231.688,151.356,536.971,993.278,113.748,170.165,117.94,17.908,33.112,131.656,196.298,7.767,14.732,0.675,142.313,1.837,117.738,0.203,64.364,4.6338,2.275,0.1553,0.2946,0.0135,2.8463,0.0367
50,50,200,800.0,113,416,45,96.15,45,1.0,2,0,2,8,1,78,416,1,69.3,166.643,127.086,345.409,770.613,107.2,161.676,59.443,16.665,32.542,123.865,195.813,7.368,14.925,0.85,68.166,9.469,51.921,7.522,65.864,3.3329,2.144,0.1474,0.2985,0.017,1.3633,0.1894
50,50,200,800.0,114,426,45,94.99,45,1.0,1,0,1,6,1,67,426,1,72.7,170.558,148.706,312.485,620.116,127.812,232.639,42.746,11.434,32.405,139.246,245.756,9.899,21.84,0.94,69.637,1.205,42.426,0.319,67.037,3.4112,2.5562,0.198,0.4368,0.0188,1.3927,0.0241
50,50,200,800.0,115,391,45,95.03,45,1.0,2,0,2,6,1,70,391,1,59.1,151.22,122.292,270.467,626.746,112.038,217.099,39.181,18.06,32.345,130.099,241.136,6.72,19.492,0.595,40.616,16.866,24.664,14.518,66.931,3.0244,2.2408,0.1344,0.3898,0.0119,0.8123,0.3373
50,50,200,800.0,116,566,45,97.77,45,1.0,9,0,9,6,1,72,566,1,108.8,192.153,164.585,358.827,563.925,129.718,229.937,62.435,11.853,31.858,141.57,241.349,7.547,23.638,0.907,98.781,1.692,62.092,0.343,59.588,3.8431,2.5944,0.1509,0.4728,0.0181,1.9756,0.0338
50,50,200,800.0,117,479,45,97.5,45,1.0,3,0,3,7,8,107,479,1,123.0,256.795,203.715,473.953,786.726,130.065,210.559,126.73,17.978,33.275,148.043,229.791,6.42,21.248,0.802,164.291,1.961,126.413,0.317,62.073,5.1359,2.6013,0.1284,0.425,0.016,3.2858,0.0392
50,50,200,800.0,118,588,45,99.0,45,1.0,11,0,11,8,1,94,588,1,80.6,137.132,108.22,271.834,648.525,107.125,204.14,30.008,11.336,31.746,118.461,218.464,7.211,22.452,0.849,45.022,1.724,29.673,0.334,59.875,2.7426,2.1425,0.1442,0.449,0.017,0.9004,0.0345
50,50,200,800.0,119,637,45,99.16,45,1.0,14,0,14,7,3,75,637,1,170.2,267.123,176.438,568.264,1042.154,105.574,176.63,161.549,18.141,32.594,123.716,203.033,6.189,17.155,0.712,185.942,2.055,161.171,0.378,55.071,5.3425,2.1115,0.1238,0.3431,0.0142,3.7188,0.0411
50,50,200,800.0,120,1500,45,99.97,44,0.978,8,0,8,8,1,75,-1,0,284.4,189.585,122.086,371.159,1436.499,75.485,116.978,114.1,21.555,33.45,97.04,139.729,6.171,7.656,0.182,142.822,1.439,114.035,0.065,31.315,3.7917,1.5097,0.1234,0.1531,0.0036,2.8564,0.0288
60,60,220,806.7,101,1328,54,99.98,54,1.0,23,0,23,6,1,71,1328,1,167.8,126.314,91.237,251.782,996.638,89.193,168.635,37.121,9.116,38.53,98.309,183.557,5.864,8.718,0.707,66.116,1.512,36.798,0.324,43.398,2.1052,1.4866,0.0977,0.1453,0.0118,1.1019,0.0252
60,60,220,806.7,102,548,54,99.09,54,1.0,15,0,15,6,7,115,548,1,157.4,287.247,182.752,696.833,946.24,132.302,220.631,154.945,20.383,38.866,152.685,249.865,11.006,19.086,0.948,180.939,1.862,154.538,0.406,73.405,4.7874,2.205,0.1834,0.3181,0.0158,3.0157,0.031
60,60,220,806.7,103,441,54,97.02,54,1.0,1,0,1,6,1,67,441,1,75.5,171.182,140.711,286.94,923.964,136.912,203.985,34.27,12.659,39.244,149.572,231.711,7.802,20.909,0.694,57.96,2.019,33.943,0.327,81.797,2.853,2.2819,0.13,0.3485,0.0116,0.966,0.0337
60,60,220,806.7,104,518,54,96.57,54,1.0,10,0,10,7,1,106,518,1,111.7,215.702,178.16,401.84,794.18,156.87,304.556,58.832,14.785,38.359,171.655,319.237,9.861,30.371,0.96,93.946,3.709,58.202,0.631,76.855,3.595,2.6145,0.1644,0.5062,0.016,1.5658,0.0618
60,60,220,806.7,105,1500,54,99.7,50,0.926,19,0,19,7,1,134,-1,0,988.4,658.958,571.566,1351.59,1884.991,106.407,161.341,552.551,31.208,41.022,137.615,188.159,8.412,8.868,0.381,581.211,13.476,541.44,11.111,46.609,10.9826,1.7734,0.1402,0.1478,0.0064,9.6869,0.2246
60,60,220,806.7,106,479,54,98.0,54,1.0,3,0,3,7,1,69,479,1,112.8,235.383,194.457,419.088,1396.897,133.491,194.088,101.892,28.576,41.858,162.067,233.946,9.0,17.395,0.789,125.248,2.035,101.639,0.253,80.915,3.923,2.2249,0.15,0.2899,0.0131,2.0875,0.0339
60,60,220,806.7,107,428,54,94.04,54,1.0,2,0,2,7,1,82,428,1,108.3,252.936,208.019,476.379,1055.762,150.449,273.896,102.487,27.864,42.255,178.312,301.907,12.034,25.757,0.768,127.209,1.988,102.132,0.355,85.179,4.2156,2.5075,0.2006,0.4293,0.0128,2.1202,0.0331
60,60,220,806.7,108,403,54,90.27,54,1.0,1,0,1,6,1,83,403,1,77.3,191.833,153.805,447.892,742.343,154.75,308.483,37.083,12.003,38.35,166.753,334.032,12.058,31.713,1.012,60.76,1.462,36.68,0.403,84.829,3.1972,2.5792,0.201,0.5285,0.0169,1.0127,0.0244
60,60,220,806.7,109,558,54,97.34,54,1.0,10,0,10,7,1,76,558,1,134.5,241.045,169.468,565.464,844.275,133.073,253.663,107.972,19.301,39.525,152.374,269.201,8.074,21.791,0.887,132.304,2.136,107.565,0.408,75.853,4.0174,2.2179,0.1346,0.3632,0.0148,2.2051,0.0356
60,60,220,806.7,110,1500,54,99.93,53,0.981,15,0,15,6,6,135,-1,0,1074.5,716.358,500.97,1556.087,1713.532,102.869,158.312,613.489,31.24,40.651,134.109,184.001,6.201,6.785,0.488,656.828,1.321,613.314,0.174,44.734,11.9393,1.7145,0.1034,0.1131,0.0081,10.9471,0.022
60,60,220,806.7,111,1500,54,99.77,53,0.981,22,0,22,7,5,98,-1,0,801.2,534.132,473.024,1001.673,1192.619,97.607,161.751,436.525,31.095,39.744,128.701,185.224,7.772,9.079,0.345,465.292,8.763,429.217,7.309,42.882,8.9022,1.6268,0.1295,0.1513,0.0057,7.7549,0.146
60,60,220,806.7,112,461,54,96.62,54,1.0,1,0,1,6,1,80,461,1,140.5,304.673,250.905,535.051,818.276,161.469,287.481,143.204,28.674,40.764,190.143,323.809,8.088,30.301,0.469,169.958,12.438,133.371,9.833,83.419,5.0779,2.6912,0.1348,0.505,0.0078,2.8326,0.2073
60,60,220,806.7,113,461,54,94.71,54,1.0,2,0,2,7,1,111,461,1,121.9,264.367,223.581,476.073,1012.241,140.74,247.283,123.626,28.611,40.015,169.351,274.676,9.509,22.93,0.964,149.927,2.538,123.047,0.58,78.5,4.4061,2.3457,0.1585,0.3822,0.0161,2.4988,0.0423
60,60,220,806.7,114,460,54,97.27,54,1.0,4,0,4,7,1,106,460,1,145.9,317.221,219.328,657.199,1328.604,139.069,216.59,178.151,28.381,40.566,167.451,253.064,10.401,20.153,0.445,175.343,35.118,148.644,29.507,75.761,5.287,2.3178,0.1734,0.3359,0.0074,2.9224,0.5853
60,60,220,806.7,115,357,54,93.25,54,1.0,0,0,0,6,4,94,357,1,78.9,221.025,187.352,413.255,822.849,148.515,266.7,72.51,23.398,39.269,171.913,288.933,10.819,24.856,0.573,76.946,22.993,52.244,20.266,84.836,3.6837,2.4753,0.1803,0.4143,0.0096,1.2824,0.3832
60,60,220,806.7,116,402,54,93.25,54,1.0,1,0,1,7,1,77,402,1,76.2,189.434,158.306,347.179,924.061,147.804,274.658,41.63,14.718,39.207,162.523,289.45,9.87,24.545,0.942,67.826,2.709,41.105,0.524,83.542,3.1572,2.4634,0.1645,0.4091,0.0157,1.1304,0.0451
60,60,220,806.7,117,596,54,99.74,54,1.0,13,0,13,7,15,95,596,1,185.8,311.771,228.611,596.314,1084.642,145.446,249.279,166.326,22.198,40.554,167.644,269.889,7.718,25.711,0.963,202.699,2.357,165.96,0.366,72.324,5.1962,2.4241,0.1286,0.4285,0.016,3.3783,0.0393
60,60,220,806.7,118,510,54,98.67,54,1.0,6,0,6,7,1,105,510,1,147.2,288.528,224.12,562.335,1003.012,149.486,252.628,139.041,23.669,40.105,173.156,280.058,10.731,23.644,1.011,176.292,1.779,138.503,0.539,75.07,4.8088,2.4914,0.1789,0.3941,0.0168,2.9382,0.0297
60,60,220,806.7,119,780,54,99.96,54,1.0,15,0,15,7,1,197,780,1,228.5,292.91,213.619,513.764,1580.168,121.521,205.221,171.389,26.836,41.164,148.356,230.048,7.238,9.928,0.512,192.651,22.514,151.626,19.763,60.066,4.8818,2.0253,0.1206,0.1655,0.0085,3.2109,0.3752
60,60,220,806.7,120,503,54,98.46,54,1.0,4,0,4,7,24,70,503,1,164.6,327.188,274.293,599.837,1349.83,140.263,202.32,186.925,31.251,41.075,171.514,239.934,9.569,18.868,0.571,193.874,24.178,165.788,21.137,80.127,5.4531,2.3377,0.1595,0.3145,0.0095,3.2312,0.403
70,70,238,809.2,101,601,64,99.94,64,1.0,16,0,16,8,1,197,601,1,207.0,344.369,291.727,620.281,1541.388,151.187,230.203,193.182,35.026,49.184,186.213,275.469,11.454,15.336,0.675,195.478,31.326,166.449,26.733,90.1,4.9196,2.1598,0.1636,0.2191,0.0096,2.7925,0.4475
70,70,238,809.2,102,712,64,99.99,64,1.0,23,0,23,7,1,93,712,1,172.3,242.013,200.42,466.693,1062.139,138.391,231.154,103.621,20.704,45.084,159.095,260.272,12.201,16.735,1.003,135.458,1.691,103.095,0.527,74.924,3.4573,1.977,0.1743,0.2391,0.0143,1.9351,0.0242
70,70,238,809.2,103,490,64,95.43,64,1.0,4,0,4,7,1,170,490,1,140.9,287.464,258.851,452.246,1057.882,190.458,298.867,97.006,27.337,46.477,217.795,324.428,10.087,24.621,0.595,109.936,39.943,62.615,34.392,102.282,4.1066,2.7208,0.1441,0.3517,0.0085,1.5705,0.5706
70,70,238,809.2,104,1500,64,100.0,63,0.984,21,0,21,7,1,82,-1,0,240.7,160.49,107.936,305.979,1080.811,122.001,213.911,38.489,10.349,46.101,132.349,231.629,7.612,12.374,0.514,91.133,1.174,38.174,0.316,47.683,2.2927,1.7429,0.1087,0.1768,0.0073,1.3019,0.0168
70,70,238,809.2,105,476,64,97.49,64,1.0,6,0,6,7,7,98,476,1,110.2,231.408,196.116,363.023,1087.311,183.162,287.148,48.246,14.857,45.854,198.019,298.747,13.355,23.174,0.687,96.233,2.346,47.885,0.361,95.613,3.3058,2.6166,0.1908,0.3311,0.0098,1.3748,0.0335
70,70,238,809.2,106,539,64,99.49,64,1.0,11,0,11,7,1,80,539,1,159.1,295.192,235.287,580.022,1775.186,151.151,234.23,144.04,27.539,48.038,178.69,263.134,10.111,15.571,0.826,174.609,1.43,143.704,0.337,92.644,4.217,2.1593,0.1444,0.2224,0.0118,2.4944,0.0204
70,70,238,809.2,107,674,64,99.89,64,1.0,23,0,23,6,3,93,674,1,166.1,246.406,183.75,513.635,1023.887,159.056,283.256,87.35,14.898,45.852,173.954,306.55,10.324,23.701,0.855,131.214,2.649,86.915,0.435,77.663,3.5201,2.2722,0.1475,0.3386,0.0122,1.8745,0.0378
70,70,238,809.2,108,459,64,96.96,64,1.0,5,0,5,6,7,84,459,1,120.6,262.842,213.331,540.67,952.819,176.688,345.589,86.154,21.85,48.454,198.538,371.018,11.85,29.422,0.885,118.929,2.529,85.52,0.634,99.227,3.7549,2.5241,0.1693,0.4203,0.0126,1.699,0.0361
70,70,238,809.2,109,883,64,100.0,64,1.0,28,0,28,8,9,93,883,1,188.5,213.44,155.319,450.257,1537.152,124.726,222.925,88.715,19.891,46.923,144.617,258.536,11.422,14.164,1.022,113.151,2.35,88.304,0.411,71.331,3.0491,1.7818,0.1632,0.2023,0.0146,1.6164,0.0336
70,70,238,809.2,110,640,64,99.82,64,1.0,17,0,17,7,1,75,640,1,306.9,479.471,248.378,1288.524,2138.545,160.793,251.481,318.679,25.147,46.948,185.939,287.706,13.784,23.854,0.919,351.912,2.891,318.141,0.537,86.111,6.8496,2.297,0.1969,0.3408,0.0131,5.0273,0.0413
70,70,238,809.2,111,1500,64,99.98,62,0.969,24,0,24,7,4,119,-1,0,470.5,313.677,151.328,760.132,1661.626,123.526,213.545,190.151,18.971,47.463,142.498,231.556,7.229,12.136,0.626,235.63,2.323,189.625,0.525,55.732,4.4811,1.7647,0.1033,0.1734,0.0089,3.3661,0.0332
70,70,238,809.2,112,523,64,99.14,64,1.0,13,0,13,8,3,137,523,1,228.6,437.057,378.3,799.511,1217.56,170.586,264.83,266.471,35.17,47.64,205.756,310.84,12.598,23.283,0.602,284.09,24.637,246.39,20.081,91.847,6.2437,2.4369,0.18,0.3326,0.0086,4.0584,0.352
70,70,238,809.2,113,572,64,99.41,64,1.0,14,0,14,7,1,119,572,1,223.9,391.494,311.681,781.564,1510.643,178.765,287.262,212.729,32.663,47.794,211.428,326.187,11.106,22.772,0.941,263.664,2.811,212.332,0.397,90.2,5.5928,2.5538,0.1587,0.3253,0.0134,3.7666,0.0402
70,70,238,809.2,114,1289,64,100.0,64,1.0,25,0,25,7,2,81,1289,1,269.7,209.244,171.998,394.649,960.899,127.966,219.5,81.279,21.601,45.807,149.567,251.43,6.538,13.085,0.404,102.175,29.835,55.538,25.74,57.206,2.9892,1.8281,0.0934,0.1869,0.0058,1.4596,0.4262
70,70,238,809.2,115,654,64,99.71,64,1.0,22,0,22,7,1,88,654,1,262.7,401.633,377.074,701.617,2102.369,165.092,318.066,236.541,34.02,49.685,199.111,369.639,12.483,29.181,0.816,270.236,3.349,235.945,0.596,85.568,5.7376,2.3585,0.1783,0.4169,0.0117,3.8605,0.0478
70,70,238,809.2,116,459,64,98.45,64,1.0,2,0,2,7,1,104,459,1,120.0,261.495,228.296,467.149,1272.523,164.326,241.786,97.169,29.196,48.594,193.522,284.21,11.612,19.476,0.636,109.423,23.867,77.023,20.146,96.48,3.7356,2.3475,0.1659,0.2782,0.0091,1.5632,0.341
70,70,238,809.2,117,517,64,97.96,64,1.0,8,0,8,7,1,207,517,1,178.6,345.384,298.79,632.354,984.325,184.589,275.988,160.795,26.707,47.58,211.296,312.915,12.818,18.337,0.848,218.063,1.643,160.307,0.488,93.675,4.9341,2.637,0.1831,0.262,0.0121,3.1152,0.0235
70,70,238,809.2,118,410,64,93.3,64,1.0,2,0,2,8,1,109,410,1,105.6,257.625,208.181,561.389,1032.057,179.987,340.877,77.638,21.805,47.662,201.792,371.868,13.693,27.646,1.099,108.926,4.165,77.012,0.626,102.095,3.6804,2.5712,0.1956,0.3949,0.0157,1.5561,0.0595
70,70,238,809.2,119,506,64,99.05,64,1.0,10,0,10,7,1,84,506,1,175.9,347.567,250.591,724.811,1077.65,171.998,243.38,175.569,25.858,46.977,197.856,283.695,10.926,21.194,0.874,215.8,2.371,175.17,0.399,96.403,4.9652,2.4571,0.1561,0.3028,0.0125,3.0829,0.0339
70,70,238,809.2,120,703,64,99.72,64,1.0,23,0,23,8,1,84,703,1,220.3,313.325,267.395,587.036,1021.791,173.914,321.147,139.411,26.851,47.134,200.765,344.154,14.055,26.887,1.092,185.921,2.256,138.733,0.678,83.115,4.4761,2.4845,0.2008,0.3841,0.0156,2.656,0.0322
80,80,254,806.5,101,774,73,99.96,73,1.0,24,0,24,6,1,105,774,1,477.1,616.411,341.107,1658.762,2935.884,177.798,285.393,438.613,40.664,55.739,218.462,330.88,10.899,24.27,0.706,484.696,1.827,438.318,0.295,94.014,7.7051,2.2225,0.1362,0.3034,0.0088,6.0587,0.0228
80,80,254,806.5,102,448,73,98.89,73,1.0,7,0,7,7,4,105,448,1,136.2,304.108,258.059,506.603,1456.245,209.878,309.923,94.229,31.739,56.413,241.617,357.132,17.333,29.684,0.934,134.147,3.299,93.462,0.768,118.711,3.8013,2.6235,0.2167,0.371,0.0117,1.6768,0.0412
80,80,254,806.5,103,417,73,93.49,73,1.0,0,0,0,6,1,82,417,1,137.1,328.704,249.525,715.437,1544.254,232.364,449.362,96.34,25.583,53.28,257.947,506.244,13.473,40.561,0.761,144.545,1.617,95.929,0.411,127.746,4.1088,2.9045,0.1684,0.507,0.0095,1.8068,0.0202
80,80,254,806.5,104,1069,73,100.0,73,1.0,25,0,25,7,1,109,1069,1,319.3,298.661,196.161,709.807,1774.446,173.244,296.954,125.417,16.895,53.315,190.139,321.004,13.652,19.431,0.736,186.097,1.346,125.104,0.313,77.398,3.7333,2.1655,0.1706,0.2429,0.0092,2.3262,0.0168
80,80,254,806.5,105,526,73,98.91,73,1.0,11,0,11,8,1,111,526,1,162.2,308.324,249.456,623.997,2450.575,213.545,412.415,94.779,22.579,52.805,236.124,442.299,14.28,40.127,0.909,136.432,3.813,94.275,0.504,112.763,3.854,2.6693,0.1785,0.5016,0.0114,1.7054,0.0477
80,80,254,806.5,106,1500,73,99.78,71,0.973,29,0,29,7,1,82,-1,0,1304.6,869.742,425.691,2062.985,2764.011,155.899,251.925,713.844,39.791,56.081,195.69,294.076,8.126,14.963,0.602,771.845,1.69,713.614,0.229,72.515,10.8718,1.9487,0.1016,0.187,0.0075,9.6481,0.0211
80,80,254,806.5,107,498,73,99.22,73,1.0,11,0,11,8,1,59,498,1,203.6,408.914,274.55,993.442,1489.751,195.167,287.924,213.747,26.059,53.441,221.225,326.608,15.777,22.832,0.99,252.276,4.342,213.36,0.387,112.696,5.1114,2.4396,0.1972,0.2854,0.0124,3.1535,0.0543
80,80,254,806.5,108,523,73,99.38,73,1.0,15,0,15,7,1,125,523,1,132.7,253.645,190.803,492.953,1196.693,192.617,307.748,61.028,20.167,52.887,212.783,356.22,11.609,29.954,0.857,96.319,2.617,60.504,0.525,112.289,3.1706,2.4077,0.1451,0.3744,0.0107,1.204,0.0327
80,80,254,806.5,109,1500,73,99.95,71,0.973,27,0,27,7,4,119,-1,0,976.7,651.125,379.344,1640.349,2923.56,153.034,253.434,498.092,34.669,54.751,187.703,279.419,7.701,14.168,0.661,554.973,1.941,497.709,0.383,71.682,8.1391,1.9129,0.0963,0.1771,0.0083,6.9372,0.0243
80,80,254,806.5,110,1500,73,100.0,72,0.986,26,0,26,8,1,121,-1,0,279.5,186.301,130.703,322.637,1419.401,150.24,255.746,36.061,8.195,50.881,158.436,268.673,7.037,17.716,0.571,95.657,2.426,35.517,0.544,62.894,2.3288,1.878,0.088,0.2215,0.0071,1.1957,0.0303
80,80,254,806.5,111,402,73,97.08,73,1.0,1,0,1,6,7,139,402,1,138.3,343.966,289.97,617.942,2149.194,224.081,404.972,119.885,31.839,54.422,255.92,458.6,17.573,43.597,0.803,159.193,1.967,119.289,0.596,120.833,4.2996,2.801,0.2197,0.545,0.01,1.9899,0.0246
80,80,254,806.5,112,1500,73,99.94,72,0.986,32,0,32,8,1,87,-1,0,1677.4,1118.232,1026.609,2228.312,2819.042,167.781,274.646,950.451,47.175,54.511,214.956,319.307,13.235,20.586,0.512,1009.409,2.476,950.098,0.353,72.014,13.9779,2.0973,0.1654,0.2573,0.0064,12.6176,0.031
80,80,254,806.5,113,1500,73,99.91,69,0.945,27,0,27,6,1,121,-1,0,914.6,609.694,199.764,2008.29,3424.414,158.248,264.476,451.446,25.388,55.954,183.636,294.854,7.655,11.842,0.449,520.574,1.807,450.816,0.63,67.367,7.6212,1.9781,0.0957,0.148,0.0056,6.5072,0.0226
80,80,254,806.5,114,411,73,97.53,73,1.0,5,0,5,6,10,117,411,1,147.9,359.942,301.983,658.262,1303.772,231.598,347.759,128.344,25.778,55.282,257.376,391.619,14.273,35.274,0.712,186.041,1.339,128.065,0.279,122.302,4.4993,2.895,0.1784,0.4409,0.0089,2.3255,0.0167
80,80,254,806.5,115,1500,73,100.0,72,0.986,27,0,27,7,1,88,-1,0,286.3,190.828,151.248,313.334,1225.394,148.129,239.493,42.699,14.038,52.946,162.167,263.542,10.686,13.083,0.506,98.671,4.236,40.683,2.016,63.645,2.3853,1.8516,0.1336,0.1635,0.0063,1.2334,0.0529
80,80,254,806.5,116,575,73,99.89,73,1.0,16,0,16,6,3,99,575,1,184.6,321.119,211.156,741.835,2118.792,196.024,301.168,125.095,20.53,54.303,216.555,332.303,14.382,27.234,0.808,168.186,1.802,124.584,0.511,108.707,4.014,2.4503,0.1798,0.3404,0.0101,2.1023,0.0225
80,80,254,806.5,117,330,73,89.54,73,1.0,0,0,0,7,2,91,330,1,96.9,293.513,223.445,557.647,1444.66,242.153,495.522,51.361,17.101,53.405,259.254,503.134,14.173,47.01,0.55,96.722,1.804,51.042,0.318,133.254,3.6689,3.0269,0.1772,0.5876,0.0069,1.209,0.0225
80,80,254,806.5,118,500,73,97.71,73,1.0,3,0,3,9,1,116,500,1,380.6,761.237,388.866,1875.852,2470.317,230.439,364.504,530.798,38.955,55.155,269.394,420.974,12.894,37.537,0.771,554.684,44.519,494.605,36.193,110.832,9.5155,2.8805,0.1612,0.4692,0.0096,6.9336,0.5565
80,80,254,806.5,119,486,73,97.3,73,1.0,5,0,5,6,1,82,486,1,156.2,321.335,259.851,554.893,1403.162,224.125,336.77,97.21,25.377,55.855,249.502,381.021,12.761,32.079,0.778,153.575,3.33,96.831,0.38,118.812,4.0167,2.8016,0.1595,0.401,0.0097,1.9197,0.0416
80,80,254,806.5,120,1500,73,99.94,72,0.986,27,0,27,6,1,111,-1,0,657.3,438.16,195.999,1132.279,2670.706,157.754,253.642,280.406,23.832,53.577,181.586,284.25,10.46,12.893,0.531,344.914,1.013,280.103,0.303,68.348,5.477,1.9719,0.1307,0.1612,0.0066,4.3114,0.0127
90,90,268,798.0,101,1500,81,99.96,78,0.963,53,0,53,8,1,128,-1,0,494.0,329.338,246.866,679.88,2016.951,160.518,306.361,168.821,34.023,62.312,194.54,331.816,12.563,16.178,0.598,200.662,23.892,148.33,20.491,75.447,3.6593,1.7835,0.1396,0.1798,0.0066,2.2296,0.2655
90,90,268,798.0,102,401,81,96.95,81,1.0,4,0,4,7,1,116,401,1,149.4,372.547,288.14,760.068,1542.009,280.679,566.783,91.868,23.849,60.909,304.528,610.041,18.943,51.672,1.071,152.452,4.57,91.121,0.747,143.838,4.1394,3.1187,0.2105,0.5741,0.0119,1.6939,0.0508
90,90,268,798.0,103,470,81,98.93,81,1.0,6,0,6,7,1,123,470,1,213.0,453.074,339.334,1000.694,1802.076,266.48,472.872,186.594,27.116,64.755,293.596,512.189,24.754,43.559,0.841,242.774,3.869,186.04,0.554,137.276,5.0342,2.9609,0.275,0.484,0.0093,2.6975,0.043
90,90,268,798.0,104,405,81,97.21,81,1.0,3,0,3,7,1,97,405,1,147.6,364.417,273.701,718.531,2573.358,284.373,504.339,80.044,18.895,60.538,303.268,544.921,19.432,48.085,0.95,146.654,4.07,79.355,0.69,145.226,4.0491,3.1597,0.2159,0.5343,0.0106,1.6295,0.0452
90,90,268,798.0,105,526,81,99.78,81,1.0,12,0,12,6,3,89,526,1,329.1,625.668,348.418,1584.91,2307.13,249.182,372.535,376.487,28.172,62.312,277.354,422.728,16.713,33.369,0.834,441.136,3.848,375.969,0.518,129.768,6.9519,2.7687,0.1857,0.3708,0.0093,4.9015,0.0428
90,90,268,798.0,106,493,81,97.99,81,1.0,9,0,9,6,1,122,493,1,190.1,385.536,296.275,808.757,1721.44,258.307,472.464,127.23,26.868,62.851,285.175,526.673,14.985,44.122,0.771,184.93,1.635,126.765,0.464,139.093,4.2837,2.8701,0.1665,0.4902,0.0086,2.0548,0.0182
90,90,268,798.0,107,529,81,99.46,81,1.0,13,0,13,7,1,73,529,1,238.6,450.962,344.339,970.691,2153.326,260.466,420.166,190.495,36.587,63.009,297.053,461.295,17.785,37.194,0.76,257.305,3.171,190.014,0.482,134.746,5.0107,2.8941,0.1976,0.4133,0.0084,2.8589,0.0352
90,90,268,798.0,108,438,81,95.86,81,1.0,2,0,2,8,5,102,438,1,190.2,434.306,327.584,994.967,3621.879,269.651,534.539,164.655,30.4,62.365,300.051,583.205,17.442,50.203,0.969,218.082,7.043,163.955,0.7,140.566,4.8256,2.9961,0.1938,0.5578,0.0108,2.4231,0.0783
90,90,268,798.0,109,1375,81,100.0,81,1.0,29,0,29,7,1,114,1375,1,460.3,334.779,215.675,747.667,2170.202,193.582,335.285,141.198,19.07,63.632,212.651,376.57,9.542,20.209,0.582,220.676,2.001,140.83,0.368,81.77,3.7198,2.1509,0.106,0.2245,0.0065,2.452,0.0222
90,90,268,798.0,110,491,81,98.25,81,1.0,10,0,10,6,1,129,491,1,211.9,431.495,341.949,913.548,1550.4,237.515,368.117,193.981,36.152,61.764,273.667,415.923,17.867,31.596,0.857,247.213,3.419,193.341,0.639,130.543,4.7944,2.6391,0.1985,0.3511,0.0095,2.7468,0.038
90,90,268,798.0,111,477,81,98.97,81,1.0,6,0,6,7,14,109,477,1,161.7,338.904,241.448,745.564,1675.401,262.599,552.5,76.305,25.154,62.37,287.752,594.131,16.239,52.091,0.863,123.381,6.805,75.565,0.74,139.526,3.7656,2.9178,0.1804,0.5788,0.0096,1.3709,0.0756
90,90,268,798.0,112,400,81,95.63,81,1.0,1,0,1,7,1,88,400,1,214.0,534.896,337.916,1294.998,2648.856,278.28,489.739,256.616,30.999,63.692,309.279,543.997,24.688,49.523,1.08,306.03,4.003,255.715,0.901,149.572,5.9433,3.092,0.2743,0.5503,0.012,3.4003,0.0445
90,90,268,798.0,113,447,81,97.77,81,1.0,1,0,1,6,1,179,447,1,188.1,420.763,338.737,879.785,2251.342,264.232,492.485,156.531,35.317,62.966,299.55,535.155,18.11,45.064,0.825,213.211,1.752,155.982,0.55,141.801,4.6751,2.9359,0.2012,0.5007,0.0092,2.369,0.0195
90,90,268,798.0,114,612,81,99.91,81,1.0,22,0,22,7,1,117,612,1,233.3,381.159,336.499,642.182,1542.04,237.502,403.4,143.658,27.556,60.408,265.057,437.9,14.438,27.237,0.792,213.989,2.102,142.881,0.777,122.601,4.2351,2.6389,0.1604,0.3026,0.0088,2.3777,0.0234
90,90,268,798.0,115,540,81,99.75,81,1.0,15,0,15,8,1,109,540,1,277.9,514.543,366.23,1089.322,3085.557,251.262,416.693,263.281,38.707,65.449,289.97,474.28,15.978,40.736,0.956,324.348,3.858,262.649,0.632,128.668,5.7171,2.7918,0.1775,0.4526,0.0106,3.6039,0.0429
90,90,268,798.0,116,1500,81,99.98,79,0.975,47,0,47,7,1,120,-1,0,453.7,302.449,216.498,690.827,1653.972,166.595,319.968,135.853,33.206,61.622,199.802,347.693,9.388,19.848,0.472,159.991,34.304,105.484,30.369,78.446,3.3605,1.8511,0.1043,0.2205,0.0052,1.7777,0.3812
90,90,268,798.0,117,590,81,99.97,81,1.0,24,0,24,8,1,99,590,1,213.1,361.117,296.185,726.528,2557.321,227.475,409.655,133.642,30.601,62.588,258.076,446.591,24.685,35.753,1.182,175.271,3.627,132.651,0.991,120.599,4.0124,2.5275,0.2743,0.3973,0.0131,1.9475,0.0403
90,90,268,798.0,118,1500,81,100.0,80,0.988,35,0,35,7,1,118,-1,0,437.5,291.647,231.193,514.248,1583.803,173.473,305.223,118.174,34.608,62.657,208.081,321.603,9.13,18.426,0.619,181.038,1.498,117.64,0.534,80.936,3.2405,1.9275,0.1014,0.2047,0.0069,2.0115,0.0166
90,90,268,798.0,119,1185,81,100.0,81,1.0,31,0,31,7,1,121,1185,1,329.9,278.392,194.889,465.16,4629.974,187.673,327.338,90.719,14.672,60.952,202.345,339.745,10.824,21.498,0.714,155.009,2.264,90.351,0.368,88.083,3.0932,2.0853,0.1203,0.2389,0.0079,1.7223,0.0252
90,90,268,798.0,120,1500,81,99.99,79,0.975,31,0,31,7,1,86,-1,0,656.5,437.637,236.957,1057.864,3738.189,190.835,306.621,246.802,22.537,64.465,213.372,348.307,9.233,19.753,0.628,324.067,1.368,246.359,0.443,82.587,4.8626,2.1204,0.1026,0.2195,0.007,3.6007,0.0152
100,100,284,806.6,101,503,91,99.52,91,1.0,17,0,17,7,2,83,503,1,224.9,447.154,380.067,897.454,1987.254,295.232,538.487,151.921,33.43,71.625,328.662,573.211,24.383,47.934,0.921,208.937,2.528,151.232,0.689,162.45,4.4715,2.9523,0.2438,0.4793,0.0092,2.0894,0.0253
100,100,284,806.6,102,484,91,96.67,91,1.0,8,0,8,7,1,95,484,1,231.3,477.974,370.452,1120.871,2923.466,300.857,524.751,177.117,34.08,72.249,334.937,581.432,16.829,53.665,0.883,238.903,5.47,176.657,0.46,162.224,4.7797,3.0086,0.1683,0.5367,0.0088,2.389,0.0547
100,100,284,806.6,103,444,91,99.25,91,1.0,7,0,7,7,7,79,444,1,238.2,536.558,365.364,1294.346,2511.542,282.622,430.084,253.937,42.488,71.21,325.11,469.749,17.773,34.052,0.879,283.133,35.085,223.668,30.269,165.638,5.3656,2.8262,0.1777,0.3405,0.0088,2.8313,0.3509
100,100,284,806.6,104,489,91,98.68,91,1.0,8,0,8,7,3,96,489,1,228.3,466.947,371.383,980.351,1995.118,311.083,488.673,155.863,32.141,70.021,343.224,528.753,21.25,46.897,0.991,225.238,3.484,155.263,0.6,169.086,4.6695,3.1108,0.2125,0.469,0.0099,2.2524,0.0348
100,100,284,806.6,105,447,91,97.89,91,1.0,6,0,6,7,1,157,447,1,207.9,465.029,385.205,943.88,1702.03,297.278,476.061,167.751,35.538,72.098,332.815,543.421,21.612,38.492,0.908,235.208,3.859,167.206,0.545,164.949,4.6503,2.9728,0.2161,0.3849,0.0091,2.3521,0.0386
100,100,284,806.6,106,428,91,99.06,91,1.0,6,0,6,6,1,157,428,1,405.4,947.086,556.579,3021.816,4168.258,299.749,443.427,647.336,57.892,73.352,357.642,512.628,24.752,33.037,0.614,680.319,44.842,607.79,39.547,163.521,9.4709,2.9975,0.2475,0.3304,0.0061,6.8032,0.4484
100,100,284,806.6,107,749,91,99.96,91,1.0,33,0,33,7,1,141,749,1,357.6,477.396,339.868,1019.698,2152.164,249.834,425.579,227.562,40.055,71.797,289.889,478.064,17.8,29.004,0.647,244.558,51.324,183.165,44.396,134.063,4.774,2.4983,0.178,0.29,0.0065,2.4456,0.5132
100,100,284,806.6,108,1500,91,99.98,90,0.989,29,0,29,8,1,145,-1,0,672.3,448.215,239.096,609.281,5637.167,234.905,358.608,213.31,17.365,71.515,252.27,381.056,19.139,20.713,0.668,310.027,2.398,212.895,0.414,95.27,4.4821,2.3491,0.1914,0.2071,0.0067,3.1003,0.024
100,100,284,806.6,109,875,91,99.99,91,1.0,35,0,35,7,1,104,875,1,381.7,436.2,310.795,961.612,2037.095,245.66,429.029,190.54,30.985,71.234,276.646,472.231,15.102,36.859,0.921,259.757,3.289,189.783,0.757,120.272,4.362,2.4566,0.151,0.3686,0.0092,2.5976,0.0329
100,100,284,806.6,110,424,91,96.55,91,1.0,4,0,4,6,1,96,424,1,191.4,451.341,360.815,900.842,2035.483,318.473,555.887,132.868,31.7,71.182,350.174,602.582,22.325,50.883,0.879,203.036,2.919,132.237,0.631,171.3,4.5134,3.1847,0.2232,0.5088,0.0088,2.0304,0.0292
100,100,284,806.6,111,935,91,100.0,91,1.0,35,0,35,7,1,98,935,1,389.2,416.254,242.271,683.133,6082.585,235.914,394.432,180.34,21.582,70.778,257.497,426.879,13.313,27.541,0.756,250.437,2.384,179.762,0.578,121.823,4.1625,2.3591,0.1331,0.2754,0.0076,2.5044,0.0238
100,100,284,806.6,112,1500,91,99.99,90,0.989,54,0,54,6,1,83,-1,0,548.4,365.558,223.525,847.225,3374.809,199.509,371.414,166.049,23.716,70.675,223.225,401.521,11.362,19.516,0.625,237.596,2.278,165.085,0.964,94.18,3.6556,1.9951,0.1136,0.1952,0.0063,2.376,0.0228
100,100,284,806.6,113,543,91,99.39,91,1.0,14,0,14,7,1,110,543,1,256.3,472.013,412.33,805.42,1907.9,304.173,497.806,167.841,37.737,72.908,341.909,544.562,22.709,43.469,0.872,242.361,3.389,167.198,0.643,159.214,4.7201,3.0417,0.2271,0.4347,0.0087,2.4236,0.0339
100,100,284,806.6,114,458,91,98.9,91,1.0,4,0,4,6,1,123,458,1,261.6,571.131,438.223,1118.806,2798.372,289.29,436.56,281.841,44.303,73.128,333.593,496.699,22.92,32.901,0.772,341.853,1.632,281.275,0.566,171.053,5.7113,2.8929,0.2292,0.329,0.0077,3.4185,0.0163
100,100,284,806.6,115,351,91,95.66,91,1.0,0,0,0,7,5,94,351,1,165.0,470.075,382.975,882.109,1976.308,318.36,644.543,151.715,39.953,76.454,358.313,680.685,21.578,60.557,0.863,204.848,3.874,151.221,0.494,178.356,4.7008,3.1836,0.2158,0.6056,0.0086,2.0485,0.0387
100,100,284,806.6,116,739,91,100.0,91,1.0,34,0,34,6,1,157,739,1,261.8,354.312,236.902,810.585,3288.745,235.192,404.593,119.12,24.797,71.78,259.989,436.013,14.288,33.165,0.812,171.928,3.275,118.596,0.523,130.844,3.5431,2.3519,0.1429,0.3317,0.0081,1.7193,0.0327
100,100,284,806.6,117,481,91,96.61,91,1.0,11,0,11,7,1,97,481,1,226.1,470.104,380.251,985.867,3061.908,312.821,513.185,157.283,33.538,73.219,346.358,570.293,23.401,48.768,0.955,225.167,3.73,156.518,0.766,168.083,4.701,3.1282,0.234,0.4877,0.0095,2.2517,0.0373
100,100,284,806.6,118,1500,91,100.0,90,0.989,36,0,36,7,1,71,-1,0,487.1,324.704,235.032,626.373,3486.608,222.874,378.791,101.83,16.182,70.728,239.057,424.104,9.999,21.131,0.597,196.019,2.592,101.28,0.55,94.366,3.247,2.2287,0.1,0.2113,0.006,1.9602,0.0259
100,100,284,806.6,119,1500,91,100.0,90,0.989,37,0,37,7,1,65,-1,0,531.5,354.354,220.434,942.554,4743.828,219.067,371.225,135.287,17.061,71.607,236.128,396.543,10.857,28.527,0.711,216.694,2.224,134.814,0.473,95.34,3.5435,2.1907,0.1086,0.2853,0.0071,2.1669,0.0222
100,100,284,806.6,120,295,91,89.52,91,1.0,0,0,0,7,1,162,295,1,123.0,416.902,317.489,851.513,2049.285,336.167,696.42,80.735,25.906,70.884,362.073,731.043,30.097,63.895,0.917,133.779,6.983,79.753,0.982,181.23,4.169,3.3617,0.301,0.639,0.0092,1.3378,0.0698
