seed,step,found,coverage,deaths
40,10,1,7.96,0
40,20,2,12.78,0
40,30,4,17.34,0
40,40,7,21.76,0
40,50,13,25.53,0
40,60,16,28.76,0
40,70,18,31.72,0
40,80,21,34.93,0
40,90,24,38.19,0
40,100,25,41.03,0
40,110,28,44.07,0
40,120,29,47.1,0
40,130,32,50.12,0
40,140,35,52.74,0
40,150,37,55.12,0
40,160,38,56.98,0
40,170,39,58.79,0
40,180,39,60.77,0
40,190,40,63.32,0
40,200,41,65.71,0
40,210,41,67.64,0
40,220,41,69.45,0
40,230,41,71.1,0
40,240,41,72.72,0
40,250,42,74.56,0
40,260,43,76.17,0
40,270,43,77.62,0
40,280,43,78.82,0
40,290,43,80.25,0
40,300,43,81.31,0
40,310,43,82.75,0
40,320,43,83.59,0
40,330,43,84.84,0
40,340,43,86.01,0
40,350,43,86.67,0
40,360,43,87.68,0
40,370,43,88.69,0
40,380,43,89.37,0
40,390,43,90.14,0
40,400,43,90.77,0
40,410,43,91.44,0
40,420,44,92.61,0
41,10,3,8.11,0
41,20,4,14.09,0
41,30,7,20.54,0
41,40,8,25.37,0
41,50,11,29.64,0
41,60,13,34.15,0
41,70,17,38.31,0
41,80,19,42.77,0
41,90,20,46.2,0
41,100,23,48.89,0
41,110,27,51.66,0
41,120,30,54.27,0
41,130,32,56.73,0
41,140,35,59.18,0
41,150,37,61.28,0
41,160,38,63.86,0
41,170,38,66.58,0
41,180,39,68.97,0
41,190,39,71.09,0
41,200,40,72.98,0
41,210,40,74.94,0
41,220,40,76.7,0
41,230,40,78.08,0
41,240,40,79.38,0
41,250,42,80.99,0
41,260,42,82.48,0
41,270,42,84.18,0
41,280,43,86.0,0
41,290,43,87.24,0
41,300,43,88.72,0
41,310,43,89.81,0
41,320,43,90.66,0
41,330,43,91.27,0
41,340,43,91.99,0
41,350,43,92.33,0
41,360,43,92.89,0
41,370,43,93.64,0
41,380,43,94.38,0
41,390,43,94.93,0
41,400,43,95.49,0
41,410,43,95.97,0
41,420,43,96.39,0
41,430,43,96.9,0
42,10,1,9.1,0
42,20,2,14.84,0
42,30,4,20.33,0
42,40,8,25.62,0
42,50,11,29.79,0
42,60,14,33.4,0
42,70,16,36.69,0
42,80,19,39.68,0
42,90,21,42.42,0
42,100,24,45.06,0
42,110,28,47.8,0
42,120,28,50.52,0
42,130,30,53.26,0
42,140,30,55.79,0
42,150,31,58.52,0
42,160,32,61.38,0
42,170,32,63.56,0
42,180,32,65.37,0
42,190,33,67.04,0
42,200,35,69.39,0
42,210,36,71.66,0
42,220,36,73.45,0
42,230,36,75.2,0
42,240,36,76.97,0
42,250,37,78.84,0
42,260,38,80.59,0
42,270,38,82.17,0
42,280,38,83.35,0
42,290,38,84.26,0
42,300,38,85.17,0
42,310,39,85.87,0
42,320,39,86.75,0
42,330,39,87.94,0
42,340,39,89.03,0
42,350,39,89.83,0
42,360,40,90.38,0
42,370,40,91.03,0
42,380,41,91.95,0
42,390,41,92.51,0
42,400,41,93.08,0
42,410,43,93.82,0
42,420,43,94.27,0
42,430,44,94.58,0
42,440,44,94.99,0
42,450,44,95.58,0
42,460,44,96.1,0
42,470,44,96.6,0
42,480,44,97.06,0
42,490,44,97.32,0
42,500,44,97.68,0
42,510,44,98.02,0
42,520,44,98.23,0
42,530,44,98.48,0
42,540,44,98.63,0
42,550,44,98.73,0
42,560,44,98.78,0
42,570,44,98.81,0
42,580,44,98.81,0
42,590,44,98.81,0
42,600,44,98.87,0
42,610,44,98.89,0
42,620,44,98.89,0
42,630,44,98.93,0
42,640,44,98.95,0
42,650,44,98.99,0
42,660,44,99.06,0
42,670,44,99.07,0
42,680,44,99.15,0
42,690,44,99.16,0
42,700,44,99.16,0
42,710,44,99.2,0
42,720,44,99.29,0
42,730,44,99.36,0
42,740,44,99.47,0
42,750,44,99.53,0
42,760,44,99.54,0
42,770,44,99.56,0
42,780,44,99.61,0
42,790,44,99.61,0
42,800,44,99.61,0
42,810,44,99.66,0
42,820,44,99.66,0
42,830,44,99.66,0
42,840,44,99.67,0
42,850,44,99.67,0
42,860,44,99.67,0
42,870,44,99.67,0
42,880,44,99.67,0
42,890,44,99.67,0
42,900,44,99.67,0
42,910,44,99.67,0
42,920,44,99.67,0
42,930,44,99.67,0
42,940,44,99.67,0
42,950,44,99.69,0
42,960,44,99.69,0
42,970,44,99.69,0
42,980,44,99.69,0
42,990,44,99.69,0
42,1000,44,99.69,0
42,1010,44,99.69,0
42,1020,44,99.69,0
42,1030,44,99.69,0
42,1040,44,99.69,0
42,1050,44,99.71,0
42,1060,44,99.71,0
42,1070,44,99.71,0
42,1080,44,99.71,0
42,1090,44,99.71,0
42,1100,44,99.71,0
42,1110,44,99.71,0
42,1120,44,99.71,0
42,1130,44,99.71,0
42,1140,44,99.71,0
42,1150,44,99.71,0
42,1160,44,99.71,0
42,1170,44,99.71,0
42,1180,44,99.71,0
42,1190,44,99.71,0
42,1200,44,99.71,0
42,1210,44,99.71,0
42,1220,44,99.71,0
42,1230,44,99.71,0
42,1240,44,99.71,0
42,1250,44,99.71,0
42,1260,44,99.71,0
42,1270,44,99.71,0
42,1280,44,99.71,0
42,1290,44,99.71,0
42,1300,44,99.71,0
42,1310,44,99.71,0
42,1320,44,99.71,1
42,1330,44,99.71,2
42,1340,44,99.71,2
42,1350,44,99.71,3
42,1360,44,99.71,3
42,1370,44,99.71,3
42,1380,44,99.71,3
42,1390,44,99.71,3
42,1400,44,99.71,3
42,1410,44,99.71,3
42,1420,44,99.71,3
42,1430,44,99.71,3
42,1440,44,99.71,4
42,1450,44,99.71,4
42,1460,44,99.71,4
42,1470,44,99.71,4
42,1480,44,99.71,4
42,1490,44,99.71,4
42,1500,44,99.71,4
42,1510,44,99.71,4
42,1520,44,99.71,4
42,1530,44,99.71,4
42,1540,44,99.71,4
42,1550,44,99.71,4
42,1560,44,99.71,4
42,1570,44,99.71,4
42,1580,44,99.71,4
42,1590,44,99.71,4
42,1600,44,99.71,4
42,1610,44,99.71,4
42,1620,44,99.71,4
42,1630,44,99.71,4
42,1640,44,99.71,4
42,1650,44,99.71,4
42,1660,44,99.71,4
42,1670,44,99.71,4
42,1680,44,99.71,4
42,1690,44,99.71,4
42,1700,44,99.71,4
42,1710,44,99.71,4
42,1720,44,99.71,4
42,1730,44,99.71,4
42,1740,44,99.71,4
42,1750,44,99.71,4
42,1760,44,99.71,4
42,1770,44,99.71,4
42,1780,44,99.71,4
42,1790,44,99.71,4
42,1800,44,99.71,5
42,1810,44,99.71,5
42,1820,44,99.71,5
42,1830,44,99.71,6
42,1840,44,99.71,6
42,1850,44,99.71,6
42,1860,44,99.71,6
42,1870,44,99.71,6
42,1880,44,99.71,6
42,1890,44,99.71,6
42,1900,44,99.71,6
42,1910,44,99.71,6
42,1920,44,99.71,6
42,1930,44,99.71,6
42,1940,44,99.71,6
42,1950,44,99.71,6
42,1960,44,99.71,6
42,1970,44,99.71,6
42,1980,44,99.71,6
42,1990,44,99.71,6
42,2000,44,99.71,6
43,10,0,8.86,0
43,20,0,14.37,0
43,30,1,20.03,0
43,40,3,24.68,0
43,50,4,29.52,0
43,60,5,34.07,0
43,70,11,38.38,0
43,80,12,42.14,0
43,90,12,45.57,0
43,100,14,49.1,0
43,110,14,52.52,0
43,120,16,55.57,0
43,130,18,57.99,0
43,140,20,60.42,0
43,150,22,62.56,0
43,160,24,64.74,0
43,170,24,66.84,0
43,180,25,69.47,0
43,190,27,71.89,0
43,200,27,73.52,0
43,210,28,75.19,0
43,220,28,76.94,0
43,230,29,78.7,0
43,240,29,80.37,0
43,250,30,81.79,0
43,260,31,82.99,0
43,270,31,84.02,0
43,280,31,85.37,0
43,290,37,86.58,0
43,300,37,87.71,0
43,310,38,88.84,0
43,320,38,89.66,0
43,330,38,90.29,0
43,340,38,91.0,0
43,350,38,91.62,0
43,360,38,92.16,0
43,370,38,92.48,0
43,380,38,93.19,0
43,390,38,93.92,0
43,400,38,94.6,0
43,410,38,95.08,0
43,420,38,95.44,0
43,430,38,95.97,0
43,440,38,96.59,0
43,450,38,97.05,0
43,460,38,97.52,0
43,470,38,97.87,0
43,480,38,98.37,0
43,490,38,98.65,0
43,500,38,98.87,0
43,510,38,98.97,0
43,520,38,99.27,0
43,530,38,99.36,0
43,540,39,99.4,0
43,550,39,99.42,0
43,560,39,99.44,0
43,570,39,99.45,0
43,580,40,99.56,0
43,590,41,99.64,0
43,600,44,99.8,0
43,610,44,99.82,0
43,620,44,99.82,0
43,630,44,99.82,0
43,640,44,99.83,0
43,650,44,99.83,0
44,10,3,8.86,0
44,20,5,15.25,0
44,30,10,21.45,0
44,40,11,26.4,0
44,50,14,31.03,0
44,60,17,36.19,0
44,70,18,39.47,0
44,80,21,42.71,0
44,90,23,46.12,0
44,100,24,49.56,0
44,110,25,52.78,0
44,120,25,55.88,0
44,130,28,58.24,0
44,140,31,60.86,0
44,150,32,63.14,0
44,160,32,64.92,0
44,170,33,66.81,0
44,180,33,68.46,0
44,190,35,70.24,0
44,200,36,72.04,0
44,210,37,73.5,0
44,220,37,75.0,0
44,230,37,76.08,0
44,240,38,77.35,0
44,250,38,78.5,0
44,260,39,79.99,0
44,270,39,81.35,0
44,280,39,82.47,0
44,290,39,83.72,0
44,300,39,84.84,0
44,310,39,85.81,0
44,320,39,86.88,0
44,330,40,87.86,0
44,340,40,89.13,0
44,350,40,89.68,0
44,360,40,90.57,0
44,370,40,91.45,0
44,380,40,92.08,0
44,390,40,92.86,0
44,400,40,93.83,0
44,410,40,94.69,0
44,420,40,95.27,0
44,430,40,95.63,0
44,440,40,96.09,0
44,450,40,96.35,0
44,460,41,96.78,0
44,470,41,97.1,0
44,480,41,97.48,0
44,490,41,97.73,0
44,500,41,98.14,0
44,510,41,98.32,0
44,520,41,98.68,0
44,530,41,98.87,0
44,540,41,98.9,0
44,550,41,98.97,0
44,560,41,99.01,0
44,570,41,99.01,0
44,580,41,99.03,0
44,590,41,99.04,0
44,600,41,99.05,0
44,610,41,99.09,0
44,620,41,99.14,0
44,630,41,99.14,0
44,640,41,99.15,0
44,650,41,99.15,0
44,660,41,99.15,0
44,670,41,99.16,0
44,680,41,99.17,0
44,690,41,99.17,0
44,700,41,99.17,0
44,710,41,99.17,0
44,720,41,99.2,0
44,730,41,99.2,0
44,740,41,99.2,0
44,750,41,99.2,0
44,760,41,99.2,0
44,770,41,99.2,0
44,780,41,99.2,0
44,790,41,99.2,0
44,800,41,99.2,0
44,810,41,99.2,0
44,820,41,99.2,0
44,830,41,99.2,0
44,840,41,99.2,0
44,850,41,99.2,0
44,860,41,99.2,0
44,870,41,99.2,0
44,880,41,99.2,0
44,890,41,99.2,0
44,900,41,99.2,0
44,910,41,99.2,0
44,920,41,99.2,0
44,930,41,99.2,0
44,940,41,99.2,0
44,950,41,99.2,0
44,960,41,99.21,0
44,970,41,99.21,0
44,980,41,99.21,0
44,990,41,99.21,0
44,1000,41,99.21,0
44,1010,41,99.21,0
44,1020,41,99.21,0
44,1030,41,99.21,0
44,1040,41,99.21,0
44,1050,41,99.21,0
44,1060,41,99.21,0
44,1070,41,99.21,0
44,1080,41,99.21,0
44,1090,41,99.21,0
44,1100,41,99.21,0
44,1110,41,99.21,0
44,1120,41,99.21,0
44,1130,41,99.21,0
44,1140,41,99.21,0
44,1150,41,99.21,0
44,1160,41,99.21,0
44,1170,41,99.21,0
44,1180,41,99.21,0
44,1190,41,99.21,0
44,1200,41,99.21,0
44,1210,41,99.21,0
44,1220,41,99.21,0
44,1230,41,99.21,0
44,1240,41,99.21,0
44,1250,41,99.21,0
44,1260,41,99.21,0
44,1270,41,99.21,0
44,1280,41,99.21,0
44,1290,41,99.21,0
44,1300,41,99.21,0
44,1310,41,99.21,0
44,1320,41,99.21,0
44,1330,41,99.21,0
44,1340,41,99.21,1
44,1350,41,99.21,1
44,1360,41,99.21,1
44,1370,41,99.21,1
44,1380,41,99.21,1
44,1390,41,99.21,1
44,1400,41,99.22,1
44,1410,41,99.22,1
44,1420,41,99.22,1
44,1430,41,99.22,1
44,1440,41,99.22,1
44,1450,41,99.22,1
44,1460,41,99.22,1
44,1470,41,99.22,1
44,1480,41,99.22,1
44,1490,41,99.22,1
44,1500,41,99.22,1
44,1510,41,99.22,1
44,1520,41,99.22,1
44,1530,41,99.22,1
44,1540,41,99.22,2
44,1550,41,99.22,2
44,1560,41,99.22,2
44,1570,41,99.22,2
44,1580,41,99.22,2
44,1590,41,99.22,2
44,1600,41,99.22,2
44,1610,41,99.22,2
44,1620,41,99.22,2
44,1630,41,99.22,2
44,1640,41,99.22,2
44,1650,41,99.22,2
44,1660,41,99.22,2
44,1670,41,99.22,3
44,1680,41,99.22,3
44,1690,41,99.22,3
44,1700,41,99.22,3
44,1710,41,99.22,3
44,1720,41,99.22,3
44,1730,41,99.22,3
44,1740,41,99.22,3
44,1750,41,99.22,3
44,1760,41,99.22,3
44,1770,41,99.22,3
44,1780,41,99.22,3
44,1790,41,99.22,3
44,1800,41,99.22,3
44,1810,41,99.22,3
44,1820,41,99.22,3
44,1830,41,99.22,3
44,1840,41,99.22,3
44,1850,41,99.22,3
44,1860,41,99.22,3
44,1870,41,99.22,3
44,1880,41,99.22,3
44,1890,41,99.22,3
44,1900,41,99.22,3
44,1910,41,99.22,3
44,1920,41,99.22,3
44,1930,41,99.22,3
44,1940,41,99.22,3
44,1950,41,99.22,3
44,1960,41,99.22,3
44,1970,41,99.22,3
44,1980,41,99.22,3
44,1990,41,99.22,3
44,2000,41,99.22,3
45,10,1,8.75,0
45,20,1,14.71,0
45,30,3,20.3,0
45,40,4,25.81,0
45,50,7,30.78,0
45,60,10,34.86,0
45,70,10,37.87,0
45,80,12,40.85,0
45,90,12,43.93,0
45,100,12,46.86,0
45,110,12,49.39,0
45,120,14,51.9,0
45,130,16,54.73,0
45,140,16,56.94,0
45,150,21,58.55,0
45,160,27,60.77,0
45,170,29,62.97,0
45,180,30,65.4,0
45,190,34,68.0,0
45,200,36,69.67,0
45,210,37,71.56,0
45,220,37,73.32,0
45,230,37,75.07,0
45,240,38,76.98,0
45,250,38,78.65,1
45,260,38,80.21,1
45,270,38,81.42,1
45,280,38,82.63,1
45,290,40,83.91,1
45,300,40,85.05,1
45,310,40,86.29,1
45,320,40,87.8,1
45,330,41,88.78,1
45,340,41,89.59,1
45,350,41,90.14,1
45,360,41,90.77,1
45,370,41,91.43,1
45,380,42,92.11,1
45,390,42,92.78,1
45,400,42,93.19,1
45,410,42,93.75,1
45,420,43,94.33,1
45,430,43,94.96,1
45,440,43,95.38,1
45,450,43,95.78,1
45,460,43,96.16,1
45,470,43,96.47,1
45,480,44,96.86,1
45,490,44,97.27,1
45,500,44,97.44,1
45,510,44,97.66,1
45,520,44,97.74,1
45,530,44,97.91,1
45,540,44,97.98,1
45,550,44,98.15,1
45,560,44,98.34,1
45,570,44,98.51,1
45,580,44,98.6,1
45,590,44,98.84,1
45,600,44,99.01,1
45,610,44,99.06,1
45,620,44,99.12,1
46,10,2,8.46,0
46,20,3,14.24,0
46,30,7,19.38,0
46,40,8,23.93,0
46,50,9,28.52,0
46,60,10,31.89,0
46,70,11,34.87,0
46,80,11,37.99,0
46,90,11,41.18,0
46,100,15,44.15,0
46,110,18,47.18,0
46,120,18,50.11,0
46,130,22,52.55,0
46,140,24,55.09,0
46,150,26,57.67,0
46,160,27,59.47,0
46,170,31,61.25,0
46,180,32,63.43,0
46,190,33,65.44,0
46,200,35,67.53,0
46,210,36,69.98,0
46,220,36,71.92,0
46,230,36,73.56,0
46,240,37,74.91,0
46,250,38,76.7,0
46,260,38,78.74,0
46,270,39,80.5,0
46,280,39,81.92,0
46,290,39,83.08,0
46,300,39,84.52,0
46,310,39,85.8,0
46,320,39,87.06,0
46,330,39,88.07,0
46,340,39,88.76,0
46,350,39,89.6,0
46,360,39,90.44,0
46,370,39,91.22,0
46,380,39,91.99,0
46,390,40,92.6,0
46,400,40,93.3,0
46,410,40,93.98,0
46,420,41,94.58,0
46,430,41,94.98,0
46,440,41,95.38,0
46,450,41,95.8,0
46,460,41,96.39,0
46,470,41,96.77,0
46,480,41,97.08,0
46,490,41,97.33,0
46,500,41,97.59,0
46,510,41,97.79,0
46,520,41,97.95,0
46,530,41,98.38,0
46,540,41,98.76,0
46,550,41,98.94,0
46,560,41,99.13,0
46,570,41,99.22,0
46,580,41,99.39,0
46,590,41,99.44,0
46,600,41,99.48,0
46,610,41,99.53,0
46,620,41,99.54,0
46,630,41,99.57,0
46,640,41,99.58,0
46,650,41,99.58,0
46,660,41,99.58,0
46,670,41,99.58,0
46,680,41,99.58,0
46,690,41,99.58,0
46,700,41,99.58,0
46,710,41,99.59,0
46,720,41,99.61,0
46,730,41,99.61,0
46,740,41,99.61,0
46,750,41,99.62,0
46,760,41,99.63,0
46,770,41,99.63,0
46,780,41,99.65,0
46,790,41,99.66,0
46,800,41,99.67,0
46,810,41,99.67,0
46,820,41,99.68,0
46,830,41,99.68,0
46,840,41,99.68,0
46,850,41,99.68,0
46,860,41,99.68,0
46,870,41,99.68,0
46,880,41,99.68,0
46,890,41,99.68,0
46,900,41,99.68,0
46,910,41,99.68,0
46,920,43,99.7,0
46,930,43,99.7,0
46,940,43,99.7,0
46,950,43,99.7,0
46,960,43,99.7,0
46,970,43,99.7,0
46,980,43,99.7,0
46,990,43,99.7,0
46,1000,43,99.7,0
46,1010,43,99.7,0
46,1020,43,99.7,0
46,1030,43,99.7,0
46,1040,43,99.7,0
46,1050,43,99.7,0
46,1060,43,99.7,0
46,1070,43,99.7,0
46,1080,43,99.7,0
46,1090,43,99.7,0
46,1100,43,99.7,0
46,1110,44,99.73,0
46,1120,44,99.73,0
46,1130,44,99.73,0
46,1140,44,99.73,0
46,1150,44,99.73,0
46,1160,44,99.73,1
46,1170,44,99.73,1
46,1180,44,99.73,1
46,1190,44,99.73,1
46,1200,44,99.73,1
46,1210,44,99.73,1
46,1220,44,99.73,1
46,1230,44,99.73,1
46,1240,44,99.73,1
46,1250,44,99.73,1
46,1260,44,99.73,1
46,1270,44,99.73,1
46,1280,44,99.73,1
46,1290,44,99.73,1
46,1300,44,99.73,1
46,1310,44,99.73,1
46,1320,44,99.73,1
46,1330,44,99.73,1
46,1340,44,99.73,1
46,1350,44,99.73,1
46,1360,44,99.73,1
46,1370,44,99.73,1
46,1380,44,99.73,1
46,1390,44,99.73,1
46,1400,44,99.73,1
46,1410,44,99.73,1
46,1420,44,99.73,1
46,1430,44,99.73,1
46,1440,44,99.73,1
46,1450,44,99.73,1
46,1460,44,99.73,1
46,1470,44,99.73,2
46,1480,44,99.73,2
46,1490,44,99.73,2
46,1500,44,99.73,2
46,1510,44,99.73,2
46,1520,44,99.73,3
46,1530,44,99.73,3
46,1540,44,99.73,4
46,1550,44,99.73,4
46,1560,44,99.73,4
46,1570,44,99.73,4
46,1580,44,99.73,4
46,1590,44,99.73,4
46,1600,44,99.73,5
46,1610,44,99.73,7
46,1620,44,99.73,7
46,1630,44,99.73,7
46,1640,44,99.73,8
46,1650,44,99.73,8
46,1660,44,99.73,8
46,1670,44,99.73,8
46,1680,44,99.73,8
46,1690,44,99.73,8
46,1700,44,99.73,8
46,1710,44,99.73,9
46,1720,44,99.73,9
46,1730,44,99.73,9
46,1740,44,99.73,9
46,1750,44,99.73,9
46,1760,44,99.73,9
46,1770,44,99.73,9
46,1780,44,99.73,9
46,1790,44,99.73,9
46,1800,44,99.73,10
46,1810,44,99.73,10
46,1820,44,99.73,10
46,1830,44,99.73,10
46,1840,44,99.73,10
46,1850,44,99.73,10
46,1860,44,99.73,10
46,1870,44,99.73,10
46,1880,44,99.73,10
46,1890,44,99.73,10
46,1900,44,99.73,10
46,1910,44,99.73,11
46,1920,44,99.73,11
46,1930,44,99.73,11
46,1940,44,99.73,11
46,1950,44,99.73,11
46,1960,44,99.73,11
46,1970,44,99.73,11
46,1980,44,99.73,11
46,1990,44,99.73,11
46,2000,44,99.73,11
47,10,1,8.27,0
47,20,3,13.46,0
47,30,3,18.9,0
47,40,3,23.64,0
47,50,5,27.85,0
47,60,10,32.52,0
47,70,10,36.78,0
47,80,13,40.51,0
47,90,15,44.02,0
47,100,15,46.56,0
47,110,17,49.44,0
47,120,21,51.92,0
47,130,23,54.31,0
47,140,26,56.84,0
47,150,26,59.32,0
47,160,26,61.08,0
47,170,27,63.04,0
47,180,27,64.87,0
47,190,27,66.64,0
47,200,27,68.3,0
47,210,30,70.03,0
47,220,33,71.96,0
47,230,34,73.93,0
47,240,34,75.09,0
47,250,34,76.28,0
47,260,34,77.36,0
47,270,34,78.57,0
47,280,34,79.78,0
47,290,34,80.88,0
47,300,37,82.36,0
47,310,38,83.91,0
47,320,39,84.92,0
47,330,40,85.95,0
47,340,40,87.36,0
47,350,40,88.97,0
47,360,41,90.27,0
47,370,41,91.47,0
47,380,41,92.06,0
47,390,41,92.47,0
47,400,41,93.01,0
47,410,41,93.49,0
47,420,42,94.07,0
47,430,42,94.94,0
47,440,42,95.69,0
47,450,42,96.09,0
47,460,42,96.7,0
47,470,42,97.17,0
47,480,42,97.46,0
47,490,42,97.82,0
47,500,43,98.13,0
47,510,43,98.53,0
47,520,43,98.97,0
47,530,44,99.24,0
48,10,3,8.8,0
48,20,5,14.5,0
48,30,7,20.08,0
48,40,9,25.15,0
48,50,14,29.64,0
48,60,17,32.78,0
48,70,19,35.36,0
48,80,26,38.38,0
48,90,29,41.56,0
48,100,31,44.69,0
48,110,33,47.75,0
48,120,33,50.43,0
48,130,33,52.38,0
48,140,33,54.12,0
48,150,35,56.09,0
48,160,36,58.7,0
48,170,36,61.52,0
48,180,37,63.68,0
48,190,37,65.4,0
48,200,37,67.44,0
48,210,37,69.58,0
48,220,37,71.14,0
48,230,38,72.91,0
48,240,38,75.05,0
48,250,38,76.96,0
48,260,38,78.59,0
48,270,38,79.72,0
48,280,39,80.61,0
48,290,40,81.72,0
48,300,40,82.77,0
48,310,41,84.18,0
48,320,41,85.35,0
48,330,41,86.91,0
48,340,41,88.12,0
48,350,42,89.07,0
48,360,42,89.78,0
48,370,43,90.25,0
48,380,43,90.81,0
48,390,43,91.67,0
48,400,43,92.34,0
48,410,43,92.88,0
48,420,44,93.49,0
48,430,44,94.25,0
48,440,44,94.72,0
48,450,44,94.93,0
48,460,44,95.25,0
48,470,44,95.49,0
49,10,0,9.4,0
49,20,2,14.94,0
49,30,6,19.69,0
49,40,9,24.7,0
49,50,10,28.98,0
49,60,10,32.7,0
49,70,11,35.77,0
49,80,11,38.91,0
49,90,11,42.14,0
49,100,13,45.67,0
49,110,14,48.81,0
49,120,15,51.8,0
49,130,19,54.37,0
49,140,19,56.16,0
49,150,20,58.18,0
49,160,23,60.94,0
49,170,29,63.42,0
49,180,31,65.41,0
49,190,32,67.7,0
49,200,32,70.1,1
49,210,32,72.26,1
49,220,32,73.95,1
49,230,32,75.3,1
49,240,33,76.91,1
49,250,33,78.14,1
49,260,33,79.55,1
49,270,33,81.05,1
49,280,35,82.52,1
49,290,35,83.89,1
49,300,36,85.23,1
49,310,37,86.46,1
49,320,37,87.28,1
49,330,37,87.84,1
49,340,37,88.44,1
49,350,37,89.3,1
49,360,38,89.96,1
49,370,39,90.95,1
49,380,40,91.57,1
49,390,40,92.43,1
49,400,40,93.08,1
49,410,40,93.32,1
49,420,40,93.84,1
49,430,40,94.23,1
49,440,40,94.75,1
49,450,40,95.4,1
49,460,40,95.78,1
49,470,40,96.26,1
49,480,40,96.69,1
49,490,40,96.83,1
49,500,40,97.08,1
49,510,40,97.35,1
49,520,40,97.48,1
49,530,40,97.58,1
49,540,40,97.78,1
49,550,40,97.9,1
49,560,41,98.14,1
49,570,41,98.32,1
49,580,41,98.41,1
49,590,41,98.65,1
49,600,41,98.77,1
49,610,41,98.82,1
49,620,41,98.83,1
49,630,41,98.87,1
49,640,41,98.9,1
49,650,41,98.91,1
49,660,41,98.92,1
49,670,41,98.94,1
49,680,41,99.0,1
49,690,41,99.05,1
49,700,41,99.08,1
49,710,41,99.09,1
49,720,41,99.09,1
49,730,41,99.09,1
49,740,41,99.09,1
49,750,41,99.09,1
49,760,41,99.09,1
49,770,41,99.1,1
49,780,41,99.11,1
49,790,41,99.12,1
49,800,41,99.12,1
49,810,41,99.12,1
49,820,41,99.12,1
49,830,41,99.12,1
49,840,41,99.13,1
49,850,41,99.17,1
49,860,41,99.17,1
49,870,41,99.17,1
49,880,41,99.19,1
49,890,41,99.19,1
49,900,41,99.19,1
49,910,41,99.19,1
49,920,41,99.19,1
49,930,41,99.2,1
49,940,41,99.2,1
49,950,41,99.2,1
49,960,41,99.2,1
49,970,41,99.2,1
49,980,41,99.22,1
49,990,41,99.23,1
49,1000,41,99.23,1
49,1010,41,99.23,1
49,1020,41,99.23,1
49,1030,41,99.23,1
49,1040,41,99.23,1
49,1050,41,99.23,1
49,1060,41,99.23,1
49,1070,41,99.23,1
49,1080,41,99.23,1
49,1090,41,99.23,1
49,1100,41,99.23,1
49,1110,41,99.23,1
49,1120,41,99.23,1
49,1130,41,99.23,1
49,1140,41,99.24,1
49,1150,41,99.24,1
49,1160,41,99.24,1
49,1170,41,99.24,1
49,1180,41,99.24,1
49,1190,41,99.24,1
49,1200,41,99.24,1
49,1210,41,99.24,1
49,1220,41,99.24,1
49,1230,41,99.24,1
49,1240,41,99.24,1
49,1250,41,99.25,1
49,1260,41,99.25,1
49,1270,41,99.25,1
49,1280,41,99.25,1
49,1290,41,99.25,1
49,1300,41,99.25,1
49,1310,41,99.25,1
49,1320,41,99.25,1
49,1330,41,99.25,2
49,1340,41,99.25,2
49,1350,41,99.25,2
49,1360,41,99.25,2
49,1370,41,99.25,2
49,1380,41,99.25,2
49,1390,41,99.25,3
49,1400,41,99.25,3
49,1410,41,99.25,3
49,1420,41,99.25,3
49,1430,41,99.25,3
49,1440,41,99.25,3
49,1450,41,99.25,3
49,1460,41,99.25,3
49,1470,41,99.25,3
49,1480,41,99.25,3
49,1490,41,99.25,3
49,1500,41,99.25,3
49,1510,41,99.25,3
49,1520,41,99.25,3
49,1530,41,99.25,4
49,1540,41,99.25,4
49,1550,41,99.25,4
49,1560,41,99.25,5
49,1570,41,99.25,5
49,1580,41,99.25,5
49,1590,41,99.25,5
49,1600,41,99.25,5
49,1610,41,99.25,5
49,1620,41,99.25,5
49,1630,41,99.25,5
49,1640,41,99.25,5
49,1650,41,99.25,5
49,1660,41,99.25,5
49,1670,41,99.25,5
49,1680,41,99.25,5
49,1690,41,99.25,5
49,1700,41,99.25,5
49,1710,41,99.25,5
49,1720,41,99.25,5
49,1730,41,99.25,5
49,1740,41,99.25,5
49,1750,41,99.25,5
49,1760,41,99.25,5
49,1770,41,99.25,5
49,1780,41,99.25,5
49,1790,41,99.25,5
49,1800,41,99.25,5
49,1810,41,99.25,5
49,1820,41,99.25,5
49,1830,41,99.25,5
49,1840,41,99.25,5
49,1850,41,99.25,5
49,1860,41,99.25,5
49,1870,41,99.25,6
49,1880,41,99.25,6
49,1890,41,99.25,6
49,1900,41,99.25,6
49,1910,41,99.25,7
49,1920,41,99.25,7
49,1930,41,99.25,7
49,1940,41,99.25,7
49,1950,41,99.25,7
49,1960,41,99.25,8
49,1970,41,99.25,9
49,1980,41,99.25,9
49,1990,41,99.25,9
49,2000,41,99.25,9
50,10,1,9.12,0
50,20,1,15.08,0
50,30,2,20.59,0
50,40,4,25.35,0
50,50,6,29.9,0
50,60,9,33.87,0
50,70,11,37.19,0
50,80,12,40.27,0
50,90,15,42.88,0
50,100,19,45.52,0
50,110,19,48.38,0
50,120,23,51.21,0
50,130,24,53.58,0
50,140,24,55.84,0
50,150,26,58.3,0
50,160,29,60.63,0
50,170,30,62.86,0
50,180,32,65.14,0
50,190,34,67.29,0
50,200,34,68.96,0
50,210,34,71.07,1
50,220,34,72.63,1
50,230,38,74.51,1
50,240,38,76.33,1
50,250,39,77.88,1
50,260,39,79.49,1
50,270,39,81.24,1
50,280,39,82.85,1
50,290,40,84.6,1
50,300,41,86.55,1
50,310,41,88.28,1
50,320,41,89.35,1
50,330,41,90.33,1
50,340,41,91.22,1
50,350,41,92.12,1
50,360,41,92.99,1
50,370,42,93.79,1
50,380,42,94.29,1
50,390,42,94.95,1
50,400,42,95.44,1
50,410,42,95.9,1
50,420,43,96.45,1
50,430,44,97.05,1
50,440,44,97.29,1
50,450,44,97.41,1
50,460,44,97.63,1
50,470,44,97.98,1
50,480,44,98.29,1
51,10,4,8.16,0
51,20,9,13.33,0
51,30,11,18.32,0
51,40,13,22.74,0
51,50,14,27.2,0
51,60,15,31.55,0
51,70,18,34.92,0
51,80,20,38.39,0
51,90,25,41.3,0
51,100,25,43.46,0
51,110,29,45.96,0
51,120,29,48.15,0
51,130,30,50.37,0
51,140,31,52.71,0
51,150,33,55.25,0
51,160,33,57.54,0
51,170,33,59.55,0
51,180,33,61.69,0
51,190,33,63.97,0
51,200,35,66.51,0
51,210,36,69.07,0
51,220,36,71.59,0
51,230,38,73.93,0
51,240,38,76.08,0
51,250,39,78.46,0
51,260,40,80.23,0
51,270,40,81.74,0
51,280,40,83.24,0
51,290,42,84.91,0
51,300,42,86.11,0
51,310,42,87.03,0
51,320,42,88.02,0
51,330,42,88.93,0
51,340,42,89.78,0
51,350,42,90.53,0
51,360,42,90.98,0
51,370,42,91.58,0
51,380,42,92.16,0
51,390,44,92.86,0
51,400,44,93.38,0
51,410,44,93.96,0
51,420,44,94.84,0
51,430,44,95.37,0
51,440,44,95.71,0
51,450,44,95.95,0
51,460,44,96.35,0
52,10,2,8.18,0
52,20,3,14.16,0
52,30,4,20.37,0
52,40,5,25.45,0
52,50,8,29.52,0
52,60,11,33.07,0
52,70,18,36.22,0
52,80,18,39.2,0
52,90,18,42.45,0
52,100,20,45.72,0
52,110,21,49.73,0
52,120,21,52.47,0
52,130,24,54.97,0
52,140,24,57.55,0
52,150,25,59.96,0
52,160,28,62.23,0
52,170,29,64.49,0
52,180,32,66.73,0
52,190,35,68.71,0
52,200,36,70.16,0
52,210,37,71.76,0
52,220,37,73.39,0
52,230,37,75.4,0
52,240,37,77.58,0
52,250,37,79.39,0
52,260,37,81.1,0
52,270,37,82.67,0
52,280,37,84.0,0
52,290,37,85.31,0
52,300,37,86.46,0
52,310,38,87.42,0
52,320,39,88.26,0
52,330,40,89.17,0
52,340,40,89.95,0
52,350,40,90.59,0
52,360,40,91.29,0
52,370,40,92.06,0
52,380,40,92.69,0
52,390,40,93.37,0
52,400,40,93.74,0
52,410,40,94.22,0
52,420,40,94.72,0
52,430,41,95.14,0
52,440,41,95.58,0
52,450,41,95.99,0
52,460,42,96.24,0
52,470,42,96.52,0
52,480,43,97.03,0
52,490,43,97.45,0
52,500,44,97.72,0
52,510,44,97.82,0
52,520,44,98.06,0
52,530,44,98.29,0
53,10,2,9.07,0
53,20,3,15.41,0
53,30,5,21.22,0
53,40,7,26.61,0
53,50,8,31.59,0
53,60,10,36.18,0
53,70,12,39.21,0
53,80,12,42.14,0
53,90,13,45.0,0
53,100,16,47.59,0
53,110,20,50.22,0
53,120,22,52.53,0
53,130,23,54.39,0
53,140,26,56.29,0
53,150,26,58.76,0
53,160,28,61.3,0
53,170,29,63.5,0
53,180,29,65.11,0
53,190,29,66.68,0
53,200,30,68.41,0
53,210,30,69.85,0
53,220,31,71.24,0
53,230,32,72.61,0
53,240,34,74.19,0
53,250,34,75.75,0
53,260,35,77.47,0
53,270,35,79.03,0
53,280,36,80.17,0
53,290,39,81.25,0
53,300,39,82.34,0
53,310,39,83.06,0
53,320,39,84.23,0
53,330,40,85.54,0
53,340,40,86.95,0
53,350,40,88.2,0
53,360,40,89.58,0
53,370,40,90.5,0
53,380,40,91.16,0
53,390,40,91.67,0
53,400,40,92.12,0
53,410,41,92.81,0
53,420,42,93.3,0
53,430,42,93.69,0
53,440,42,93.94,0
53,450,42,94.39,0
53,460,42,94.81,0
53,470,44,95.26,0
53,480,44,95.62,0
53,490,44,95.85,0
53,500,44,96.14,0
53,510,44,96.58,0
53,520,44,97.1,0
53,530,44,97.4,0
53,540,44,97.67,0
53,550,44,98.17,0
53,560,44,98.61,0
53,570,44,98.73,0
53,580,44,98.77,0
53,590,44,98.89,0
53,600,44,98.95,0
53,610,44,99.05,0
53,620,44,99.12,0
53,630,44,99.19,0
53,640,44,99.19,0
53,650,44,99.19,0
53,660,44,99.2,0
53,670,44,99.2,0
53,680,44,99.2,0
53,690,44,99.22,0
53,700,44,99.22,0
53,710,44,99.22,0
53,720,44,99.22,0
53,730,44,99.22,0
53,740,44,99.22,0
53,750,44,99.23,0
53,760,44,99.25,0
53,770,44,99.25,0
53,780,44,99.26,0
53,790,44,99.26,0
53,800,44,99.26,0
53,810,44,99.26,0
53,820,44,99.26,0
53,830,44,99.27,0
53,840,44,99.27,0
53,850,44,99.27,0
53,860,44,99.27,0
53,870,44,99.27,0
53,880,44,99.27,0
53,890,44,99.27,0
53,900,44,99.27,0
53,910,44,99.27,0
53,920,44,99.27,0
53,930,44,99.27,0
53,940,44,99.27,0
53,950,44,99.27,0
53,960,44,99.27,0
53,970,44,99.27,0
53,980,44,99.27,0
53,990,44,99.27,0
53,1000,44,99.27,0
53,1010,44,99.27,0
53,1020,44,99.27,0
53,1030,44,99.27,0
53,1040,44,99.27,0
53,1050,44,99.27,0
53,1060,44,99.27,0
53,1070,44,99.27,0
53,1080,44,99.27,0
53,1090,44,99.27,0
53,1100,44,99.27,0
53,1110,44,99.27,0
53,1120,44,99.27,0
53,1130,44,99.27,0
53,1140,44,99.28,0
53,1150,44,99.3,0
53,1160,44,99.3,0
53,1170,44,99.3,0
53,1180,44,99.3,0
53,1190,44,99.3,0
53,1200,44,99.3,0
53,1210,44,99.3,0
53,1220,44,99.3,0
53,1230,44,99.3,0
53,1240,44,99.3,0
53,1250,44,99.3,0
53,1260,44,99.3,0
53,1270,44,99.3,0
53,1280,44,99.3,0
53,1290,44,99.3,0
53,1300,44,99.3,0
53,1310,44,99.3,0
53,1320,44,99.3,0
53,1330,44,99.3,0
53,1340,44,99.3,0
53,1350,44,99.3,0
53,1360,44,99.3,0
53,1370,44,99.3,0
53,1380,44,99.3,0
53,1390,44,99.3,0
53,1400,44,99.3,0
53,1410,44,99.3,0
53,1420,44,99.3,0
53,1430,44,99.3,0
53,1440,44,99.3,0
53,1450,44,99.3,0
53,1460,44,99.3,0
53,1470,44,99.3,0
53,1480,44,99.3,0
53,1490,44,99.3,0
53,1500,44,99.3,0
53,1510,44,99.3,0
53,1520,44,99.3,0
53,1530,44,99.3,0
53,1540,44,99.3,0
53,1550,44,99.3,0
53,1560,44,99.3,0
53,1570,44,99.3,0
53,1580,44,99.3,0
53,1590,44,99.3,0
53,1600,44,99.3,0
53,1610,44,99.3,0
53,1620,44,99.3,0
53,1630,44,99.3,0
53,1640,44,99.3,0
53,1650,44,99.3,0
53,1660,44,99.3,0
53,1670,44,99.3,0
53,1680,44,99.3,0
53,1690,44,99.3,0
53,1700,44,99.3,0
53,1710,44,99.3,0
53,1720,44,99.3,1
53,1730,44,99.3,1
53,1740,44,99.3,1
53,1750,44,99.3,1
53,1760,44,99.3,1
53,1770,44,99.3,1
53,1780,44,99.3,1
53,1790,44,99.3,1
53,1800,44,99.3,1
53,1810,44,99.3,1
53,1820,44,99.3,1
53,1830,44,99.3,1
53,1840,44,99.3,1
53,1850,44,99.3,1
53,1860,44,99.3,1
53,1870,44,99.3,1
53,1880,44,99.3,1
53,1890,44,99.3,1
53,1900,44,99.3,1
53,1910,44,99.3,1
53,1920,44,99.3,1
53,1930,44,99.3,1
53,1940,44,99.3,1
53,1950,44,99.3,1
53,1960,44,99.3,1
53,1970,44,99.3,1
53,1980,44,99.3,1
53,1990,44,99.3,1
53,2000,44,99.3,1
54,10,1,8.82,0
54,20,3,14.95,0
54,30,8,20.07,0
54,40,10,25.0,0
54,50,12,29.75,0
54,60,18,34.45,0
54,70,19,38.62,0
54,80,23,41.78,0
54,90,27,45.0,0
54,100,29,48.3,0
54,110,30,51.11,0
54,120,31,53.35,0
54,130,34,55.81,0
54,140,34,58.0,0
54,150,34,59.8,0
54,160,35,62.06,0
54,170,35,64.15,0
54,180,35,66.43,0
54,190,35,68.5,0
54,200,35,70.33,0
54,210,35,72.45,0
54,220,35,74.3,0
54,230,35,75.97,0
54,240,36,77.57,0
54,250,36,79.1,0
54,260,37,80.57,0
54,270,37,82.46,0
54,280,39,84.02,0
54,290,40,85.16,0
54,300,41,86.59,0
54,310,41,87.96,0
54,320,42,89.13,0
54,330,42,90.46,0
54,340,43,91.03,0
54,350,44,91.92,0
54,360,44,92.62,0
54,370,44,93.56,0
54,380,44,94.27,0
54,390,44,94.87,0
54,400,44,95.37,0
54,410,44,95.91,0
54,420,44,96.24,0
54,430,44,96.6,0
54,440,44,97.1,0
54,450,44,97.57,0
54,460,44,97.94,0
54,470,44,98.27,0
55,10,2,8.87,0
55,20,5,14.59,0
55,30,6,20.26,0
55,40,8,25.78,0
55,50,12,30.73,0
55,60,12,35.18,0
55,70,15,38.94,0
55,80,15,41.21,0
55,90,15,43.01,0
55,100,17,45.15,0
55,110,17,47.6,0
55,120,18,51.06,0
55,130,20,54.24,0
55,140,21,57.09,0
55,150,21,59.01,0
55,160,21,61.43,0
55,170,22,64.02,0
55,180,25,66.32,0
55,190,26,68.82,0
55,200,27,71.07,0
55,210,27,73.03,0
55,220,29,74.38,0
55,230,29,76.0,0
55,240,29,77.62,0
55,250,31,79.16,0
55,260,32,80.89,0
55,270,33,82.6,0
55,280,34,84.34,0
55,290,36,85.36,0
55,300,36,86.46,0
55,310,38,87.37,0
55,320,40,88.13,0
55,330,40,88.55,0
55,340,41,89.03,0
55,350,42,89.72,0
55,360,42,90.23,0
55,370,42,90.77,0
55,380,43,91.19,0
55,390,43,91.96,0
55,400,43,92.48,0
55,410,43,92.97,0
55,420,43,93.49,0
55,430,43,94.28,0
55,440,43,95.02,0
55,450,43,95.57,0
55,460,43,95.95,0
55,470,43,96.52,0
55,480,43,97.2,0
55,490,43,97.61,0
55,500,43,97.94,0
55,510,43,98.11,0
55,520,43,98.33,0
55,530,43,98.56,0
55,540,43,98.88,0
55,550,43,98.97,0
55,560,43,99.15,0
55,570,44,99.33,0
55,580,44,99.59,0
55,590,44,99.72,0
55,600,44,99.72,0
55,610,44,99.78,0
55,620,44,99.8,0
55,630,44,99.83,0
55,640,44,99.89,0
55,650,44,99.89,0
55,660,44,99.91,0
55,670,44,99.91,0
55,680,44,99.91,0
55,690,44,99.91,0
55,700,44,99.91,0
55,710,44,99.91,0
55,720,44,99.91,0
55,730,44,99.91,0
55,740,44,99.92,0
55,750,44,99.92,0
55,760,44,99.92,0
56,10,0,8.24,0
56,20,1,14.19,0
56,30,4,19.3,0
56,40,5,24.54,0
56,50,7,29.68,0
56,60,12,34.1,0
56,70,16,38.79,0
56,80,18,43.22,0
56,90,19,47.38,0
56,100,20,51.13,0
56,110,22,54.44,0
56,120,24,57.21,0
56,130,25,59.43,0
56,140,26,61.42,0
56,150,26,63.31,0
56,160,27,65.11,0
56,170,28,66.57,0
56,180,28,68.32,0
56,190,31,70.38,0
56,200,31,72.54,0
56,210,32,74.85,0
56,220,33,77.21,0
56,230,34,79.15,0
56,240,35,81.01,0
56,250,36,82.22,0
56,260,36,82.95,0
56,270,36,83.77,0
56,280,36,84.69,0
56,290,36,85.39,0
56,300,36,86.22,0
56,310,36,86.89,0
56,320,36,88.1,0
56,330,36,89.37,0
56,340,36,90.45,0
56,350,36,91.1,0
56,360,37,91.9,0
56,370,40,92.53,0
56,380,42,93.13,0
56,390,42,93.99,0
56,400,43,94.81,0
56,410,44,95.53,0
56,420,44,96.21,0
56,430,44,96.58,0
56,440,44,96.93,0
56,450,44,97.22,0
56,460,44,97.48,0
56,470,44,97.66,0
56,480,44,97.86,0
56,490,44,97.97,0
56,500,44,98.26,0
56,510,44,98.46,0
56,520,44,98.66,0
56,530,44,98.75,0
56,540,44,98.94,0
56,550,44,99.0,0
57,10,2,8.62,0
57,20,2,14.53,0
57,30,6,19.22,0
57,40,9,23.96,0
57,50,11,28.52,0
57,60,13,32.59,0
57,70,18,36.0,0
57,80,20,39.38,0
57,90,27,42.31,0
57,100,28,45.06,0
57,110,28,48.09,0
57,120,28,51.07,0
57,130,29,53.48,0
57,140,31,55.93,0
57,150,31,58.4,0
57,160,31,60.59,0
57,170,33,62.72,0
57,180,34,64.7,0
57,190,35,66.82,0
57,200,36,68.73,0
57,210,37,71.32,0
57,220,37,73.42,0
57,230,37,75.55,0
57,240,38,77.62,0
57,250,39,79.51,0
57,260,40,81.48,0
57,270,41,82.86,0
57,280,42,84.23,0
57,290,43,85.55,0
57,300,43,87.38,0
57,310,44,88.91,0
57,320,44,89.84,0
57,330,45,90.6,0
58,10,4,9.09,0
58,20,9,14.73,0
58,30,10,19.78,0
58,40,11,24.8,0
58,50,17,29.49,0
58,60,20,33.03,0
58,70,24,35.99,0
58,80,25,39.5,0
58,90,27,43.34,0
58,100,31,46.77,0
58,110,33,49.62,0
58,120,33,52.51,0
58,130,34,55.2,0
58,140,36,57.89,0
58,150,36,59.94,0
58,160,37,62.3,0
58,170,37,64.46,0
58,180,38,66.53,0
58,190,38,68.31,0
58,200,38,69.97,0
58,210,39,71.56,0
58,220,39,72.9,0
58,230,40,74.43,0
58,240,41,76.09,0
58,250,41,78.03,0
58,260,42,79.78,0
58,270,42,81.22,0
58,280,42,82.84,0
58,290,42,84.13,0
58,300,42,85.37,0
58,310,42,86.58,0
58,320,44,87.73,0
58,330,44,88.81,0
58,340,44,89.76,0
58,350,44,90.5,0
58,360,44,91.46,0
58,370,44,92.26,0
58,380,44,93.15,0
58,390,44,94.21,0
58,400,44,95.06,0
58,410,44,95.4,0
58,420,44,95.73,0
58,430,44,95.98,0
58,440,44,96.41,0
59,10,2,8.31,0
59,20,4,13.59,0
59,30,6,18.5,0
59,40,7,22.98,0
59,50,10,27.04,0
59,60,14,30.8,0
59,70,21,34.11,0
59,80,22,37.26,0
59,90,25,39.94,0
59,100,27,42.55,0
59,110,29,45.25,0
59,120,31,48.16,0
59,130,32,50.59,0
59,140,33,53.19,0
59,150,33,55.96,0
59,160,35,58.83,0
59,170,36,61.49,0
59,180,36,64.21,0
59,190,36,66.29,0
59,200,36,68.58,0
59,210,37,70.52,0
59,220,38,72.17,0
59,230,38,74.14,0
59,240,38,76.35,0
59,250,39,78.74,0
59,260,39,80.58,0
59,270,39,82.43,0
59,280,39,83.99,0
59,290,40,85.14,0
59,300,40,86.2,0
59,310,40,87.28,0
59,320,42,88.33,0
59,330,42,89.0,0
59,340,42,89.86,0
59,350,42,90.43,0
59,360,43,91.45,0
59,370,43,92.26,0
59,380,43,93.07,0
59,390,43,93.83,0
59,400,44,94.42,0
59,410,44,94.86,0
59,420,44,95.37,0
59,430,44,95.87,0
59,440,44,96.13,0
59,450,44,96.59,0
59,460,44,96.98,0
59,470,44,97.21,0
59,480,44,97.54,0
59,490,44,97.91,0
59,500,44,98.31,0
59,510,44,98.59,0
59,520,44,98.72,0
59,530,44,98.88,0
59,540,44,99.06,0
59,550,44,99.17,0
59,560,44,99.37,0
59,570,44,99.41,0
59,580,44,99.45,0
59,590,44,99.5,0
59,600,44,99.54,0
59,610,44,99.55,0
59,620,44,99.55,0
59,630,44,99.56,0
59,640,44,99.56,0
59,650,44,99.64,0
59,660,44,99.64,0
59,670,44,99.67,0
59,680,44,99.68,0
59,690,44,99.68,0
59,700,44,99.68,0
59,710,44,99.72,0
59,720,44,99.73,0
59,730,44,99.73,0
59,740,44,99.74,0
59,750,44,99.74,0
59,760,44,99.74,0
59,770,44,99.78,0
59,780,44,99.78,0
59,790,44,99.78,0
59,800,44,99.78,0
59,810,44,99.78,0
59,820,44,99.79,0
59,830,44,99.79,0
59,840,44,99.79,0
59,850,44,99.79,0
59,860,44,99.79,0
59,870,44,99.8,0
59,880,44,99.8,0
59,890,44,99.8,0
59,900,44,99.8,0
59,910,44,99.8,0
59,920,44,99.8,0
59,930,44,99.8,0
59,940,44,99.8,0
59,950,44,99.8,0
59,960,44,99.8,0
59,970,44,99.8,0
59,980,44,99.8,0
59,990,44,99.8,0
59,1000,44,99.8,0
59,1010,44,99.8,1
59,1020,44,99.8,1
59,1030,44,99.8,1
59,1040,44,99.8,2
59,1050,44,99.8,3
59,1060,44,99.8,3
59,1070,44,99.8,3
59,1080,44,99.8,3
59,1090,44,99.8,3
59,1100,44,99.8,3
59,1110,44,99.8,3
59,1120,44,99.8,3
59,1130,44,99.8,3
59,1140,44,99.8,3
59,1150,44,99.8,3
59,1160,44,99.8,3
59,1170,44,99.8,3
59,1180,44,99.8,3
59,1190,44,99.8,3
59,1200,44,99.8,3
59,1210,44,99.8,3
59,1220,44,99.8,3
59,1230,44,99.8,4
59,1240,44,99.8,4
59,1250,44,99.8,4
59,1260,44,99.8,5
59,1270,44,99.8,5
59,1280,44,99.8,5
59,1290,44,99.8,5
60,10,1,8.64,0
60,20,5,14.26,0
60,30,5,19.7,0
60,40,6,24.77,0
60,50,10,29.51,0
60,60,14,33.72,0
60,70,16,37.13,0
60,80,16,40.45,0
60,90,21,44.06,0
60,100,21,47.36,0
60,110,22,49.7,0
60,120,22,52.63,0
60,130,23,55.44,0
60,140,23,58.31,0
60,150,25,60.69,0
60,160,29,62.69,0
60,170,32,64.77,0
60,180,34,66.84,0
60,190,34,68.86,0
60,200,34,70.68,0
60,210,36,72.54,0
60,220,37,74.55,0
60,230,37,75.82,0
60,240,38,76.89,0
60,250,39,78.46,0
60,260,40,80.24,0
60,270,40,81.62,0
60,280,40,83.17,0
60,290,40,84.21,0
60,300,40,85.21,0
60,310,41,86.17,0
60,320,41,86.76,0
60,330,41,87.55,0
60,340,41,88.08,0
60,350,43,88.77,0
60,360,44,89.42,0
60,370,44,90.13,0
60,380,44,90.9,0
60,390,44,91.71,0
60,400,44,92.45,0
60,410,44,93.29,0
60,420,44,93.95,0
60,430,44,94.64,0
61,10,2,8.66,0
61,20,2,14.43,0
61,30,6,19.48,0
61,40,9,23.86,0
61,50,9,28.04,0
61,60,12,31.3,0
61,70,13,34.23,0
61,80,15,37.13,0
61,90,16,39.31,0
61,100,16,41.73,0
61,110,16,44.3,0
61,120,19,47.27,0
61,130,21,49.51,0
61,140,23,51.52,0
61,150,27,53.36,0
61,160,27,55.12,0
61,170,27,56.77,0
61,180,27,58.19,0
61,190,28,59.72,0
61,200,28,61.08,0
61,210,29,62.81,0
61,220,29,64.72,0
61,230,29,66.68,0
61,240,29,68.83,0
61,250,29,70.79,0
61,260,29,72.69,0
61,270,30,74.22,0
61,280,30,75.72,0
61,290,30,76.87,0
61,300,30,78.44,0
61,310,30,79.73,0
61,320,31,81.13,0
61,330,31,82.31,0
61,340,31,83.71,0
61,350,31,84.8,0
61,360,31,85.9,0
61,370,31,86.47,0
61,380,31,87.21,0
61,390,31,87.95,0
61,400,32,88.64,0
61,410,34,89.44,0
61,420,37,90.01,0
61,430,38,90.6,0
61,440,40,91.37,0
61,450,40,92.22,0
61,460,41,92.88,0
61,470,42,93.55,0
61,480,43,94.34,0
61,490,43,94.77,0
61,500,44,95.33,0
61,510,44,95.69,0
61,520,44,96.07,0
62,10,4,8.54,0
62,20,6,14.27,0
62,30,9,19.96,0
62,40,9,25.86,0
62,50,9,30.87,0
62,60,14,35.12,0
62,70,15,39.38,0
62,80,18,43.19,0
62,90,19,46.15,0
62,100,20,48.67,0
62,110,21,51.51,0
62,120,23,53.85,0
62,130,24,56.19,0
62,140,25,58.48,0
62,150,25,60.87,0
62,160,26,63.37,0
62,170,27,65.61,0
62,180,28,67.74,0
62,190,30,70.04,0
62,200,32,72.49,0
62,210,32,74.44,0
62,220,32,76.23,0
62,230,32,78.16,0
62,240,32,79.76,0
62,250,33,81.16,0
62,260,34,82.61,0
62,270,34,84.41,0
62,280,36,86.0,0
62,290,36,87.0,0
62,300,37,88.06,0
62,310,38,89.21,0
62,320,43,90.46,0
62,330,44,91.45,0
62,340,44,92.15,0
62,350,44,92.89,0
62,360,44,93.59,0
62,370,44,94.6,0
62,380,44,95.24,0
62,390,44,95.84,0
62,400,44,96.24,0
62,410,44,97.09,0
62,420,44,97.52,0
62,430,44,97.75,0
62,440,44,98.17,0
62,450,44,98.5,0
62,460,44,98.73,0
63,10,4,9.37,0
63,20,6,14.84,0
63,30,8,19.71,0
63,40,8,24.45,0
63,50,9,29.83,0
63,60,11,34.5,0
63,70,15,38.23,0
63,80,18,41.63,0
63,90,21,44.74,0
63,100,23,47.15,0
63,110,25,49.96,0
63,120,28,52.28,0
63,130,30,54.32,0
63,140,30,56.72,0
63,150,30,58.95,0
63,160,31,60.97,0
63,170,32,63.04,0
63,180,34,65.64,0
63,190,34,68.18,0
63,200,36,70.63,0
63,210,36,73.0,0
63,220,36,75.07,0
63,230,36,77.28,0
63,240,36,78.94,0
63,250,36,80.61,0
63,260,38,82.17,0
63,270,39,83.54,0
63,280,39,84.46,0
63,290,39,85.48,0
63,300,39,86.62,0
63,310,40,88.07,0
63,320,41,89.23,0
63,330,41,90.14,0
63,340,41,90.82,0
63,350,41,91.51,0
63,360,41,92.3,0
63,370,41,93.3,0
63,380,42,94.17,0
63,390,42,94.79,0
63,400,42,95.37,0
63,410,42,96.16,0
63,420,42,96.88,0
63,430,44,97.44,0
63,440,44,97.74,0
63,450,44,97.93,0
63,460,44,98.02,0
63,470,44,98.09,0
63,480,44,98.27,0
63,490,44,98.41,0
63,500,44,98.65,0
63,510,44,98.85,0
63,520,44,99.19,0
63,530,44,99.34,0
63,540,44,99.39,0
63,550,44,99.43,0
63,560,44,99.45,0
63,570,44,99.52,0
63,580,44,99.53,0
63,590,44,99.53,0
63,600,44,99.53,0
63,610,44,99.53,0
63,620,44,99.53,0
63,630,44,99.63,0
63,640,44,99.74,0
63,650,44,99.8,0
63,660,44,99.81,0
63,670,44,99.81,0
63,680,44,99.83,0
63,690,44,99.83,0
63,700,44,99.85,0
63,710,44,99.86,0
63,720,44,99.86,0
63,730,44,99.86,0
63,740,44,99.87,0
63,750,44,99.87,0
63,760,44,99.87,0
63,770,44,99.87,0
63,780,44,99.87,0
63,790,44,99.87,0
63,800,44,99.87,0
63,810,44,99.87,0
63,820,44,99.87,0
63,830,44,99.87,0
63,840,44,99.87,0
63,850,44,99.89,0
63,860,44,99.9,0
63,870,44,99.9,0
63,880,44,99.9,0
63,890,44,99.9,0
63,900,44,99.9,0
63,910,44,99.9,0
63,920,44,99.9,0
64,10,3,8.92,0
64,20,9,14.64,0
64,30,11,20.17,0
64,40,12,24.14,0
64,50,13,27.67,0
64,60,16,31.5,0
64,70,19,35.45,0
64,80,22,38.82,0
64,90,24,42.1,0
64,100,28,45.26,0
64,110,31,48.64,0
64,120,31,51.72,0
64,130,33,54.68,0
64,140,36,57.28,0
64,150,37,60.0,0
64,160,38,62.6,0
64,170,39,65.11,0
64,180,39,67.95,0
64,190,39,70.67,0
64,200,39,73.0,0
64,210,40,75.05,0
64,220,41,77.35,0
64,230,41,79.44,0
64,240,41,81.09,0
64,250,41,82.35,0
64,260,41,83.86,0
64,270,41,85.11,0
64,280,41,85.88,0
64,290,41,86.54,0
64,300,41,87.26,0
64,310,41,88.27,1
64,320,41,89.28,1
64,330,41,90.17,1
64,340,41,90.78,1
64,350,42,91.47,1
64,360,42,91.9,1
64,370,42,92.22,1
64,380,42,92.72,1
64,390,42,93.14,1
64,400,42,93.57,1
64,410,42,93.88,1
64,420,42,94.26,1
64,430,42,94.68,1
64,440,42,95.23,1
64,450,43,95.65,1
64,460,44,96.08,1
64,470,44,96.59,1
64,480,44,96.98,1
64,490,44,97.37,1
64,500,44,97.56,1
64,510,44,97.86,1
64,520,44,98.27,1
64,530,44,98.48,1
64,540,44,98.68,1
64,550,44,98.85,1
64,560,44,98.9,1
64,570,44,98.98,1
64,580,44,99.03,1
64,590,44,99.09,1
64,600,44,99.16,1
64,610,44,99.23,1
64,620,44,99.23,1
64,630,44,99.24,1
64,640,44,99.25,1
64,650,44,99.25,1
64,660,44,99.25,1
64,670,44,99.28,1
64,680,44,99.43,1
64,690,44,99.5,1
64,700,44,99.59,1
65,10,3,8.87,0
65,20,5,14.64,0
65,30,5,20.18,0
65,40,13,25.65,0
65,50,15,30.21,0
65,60,16,34.62,0
65,70,18,38.33,0
65,80,22,41.38,0
65,90,25,43.92,0
65,100,25,46.59,0
65,110,28,49.45,0
65,120,29,52.02,0
65,130,30,54.68,0
65,140,31,57.7,0
65,150,31,60.75,0
65,160,32,63.38,0
65,170,33,65.27,0
65,180,33,67.27,0
65,190,33,69.55,0
65,200,33,71.83,0
65,210,35,74.02,0
65,220,36,75.69,0
65,230,38,77.44,0
65,240,39,78.75,0
65,250,40,80.31,0
65,260,40,81.89,0
65,270,40,83.16,0
65,280,41,84.47,0
65,290,41,85.6,0
65,300,42,86.8,0
65,310,42,87.49,0
65,320,42,88.46,0
65,330,42,89.28,0
65,340,42,90.15,0
65,350,42,90.88,0
65,360,42,91.77,0
65,370,42,92.57,0
65,380,42,93.22,0
65,390,42,93.63,0
65,400,42,93.95,0
65,410,42,94.4,0
65,420,42,94.73,0
65,430,42,95.31,0
65,440,42,96.01,0
65,450,42,96.3,0
65,460,42,96.67,0
65,470,42,97.07,0
65,480,42,97.22,0
65,490,42,97.32,0
65,500,42,97.34,0
65,510,42,97.44,0
65,520,42,97.67,0
65,530,42,97.81,0
65,540,42,97.93,0
65,550,42,98.15,0
65,560,42,98.45,0
65,570,42,98.63,0
65,580,42,98.85,0
65,590,42,99.28,0
65,600,42,99.37,0
65,610,42,99.42,0
65,620,42,99.45,0
65,630,42,99.47,0
65,640,42,99.47,0
65,650,42,99.48,0
65,660,42,99.49,0
65,670,42,99.58,0
65,680,42,99.64,0
65,690,42,99.65,0
65,700,42,99.72,0
65,710,42,99.72,0
65,720,42,99.78,0
65,730,42,99.79,0
65,740,42,99.84,0
65,750,42,99.85,0
65,760,42,99.89,0
65,770,42,99.89,0
65,780,43,99.9,0
65,790,43,99.9,0
65,800,43,99.9,0
65,810,43,99.9,0
65,820,43,99.9,0
65,830,43,99.9,0
65,840,43,99.91,0
65,850,43,99.91,0
65,860,43,99.92,0
65,870,43,99.92,0
65,880,43,99.92,0
65,890,43,99.92,0
65,900,43,99.92,0
65,910,43,99.92,0
65,920,43,99.92,0
65,930,43,99.92,0
65,940,43,99.92,0
65,950,43,99.92,0
65,960,43,99.92,0
65,970,43,99.92,0
66,10,2,8.92,0
66,20,6,15.17,0
66,30,10,20.98,0
66,40,10,26.42,0
66,50,12,30.85,0
66,60,13,35.05,0
66,70,15,38.32,0
66,80,19,41.11,0
66,90,20,44.24,0
66,100,21,46.79,0
66,110,22,49.24,0
66,120,24,52.24,0
66,130,30,55.77,0
66,140,36,58.99,0
66,150,37,61.46,0
66,160,37,63.74,0
66,170,37,66.15,0
66,180,39,68.07,0
66,190,40,70.32,0
66,200,40,72.73,0
66,210,41,74.53,0
66,220,42,76.37,0
66,230,42,78.16,0
66,240,43,80.04,0
66,250,43,81.69,0
67,10,3,8.7,0
67,20,8,14.04,0
67,30,10,19.36,0
67,40,14,24.81,0
67,50,18,29.67,0
67,60,19,34.09,0
67,70,20,37.95,0
67,80,20,41.03,0
67,90,20,44.01,0
67,100,22,47.17,0
67,110,24,50.36,0
67,120,24,53.2,0
67,130,28,55.3,0
67,140,29,57.28,0
67,150,30,59.53,0
67,160,30,61.45,0
67,170,34,63.42,0
67,180,37,65.61,0
67,190,41,67.88,0
67,200,41,69.52,0
67,210,41,71.17,0
67,220,41,72.59,0
67,230,41,74.07,0
67,240,41,75.19,0
67,250,41,76.23,0
67,260,41,77.41,0
67,270,42,78.61,0
67,280,42,80.16,0
67,290,43,81.22,0
67,300,44,82.59,0
67,310,44,83.63,0
67,320,44,84.8,0
67,330,44,85.92,0
67,340,44,86.82,0
67,350,44,87.85,0
67,360,44,88.77,0
67,370,44,89.72,0
67,380,44,91.09,0
67,390,44,92.3,0
67,400,44,92.88,0
67,410,44,93.63,0
67,420,44,94.15,0
67,430,44,94.86,0
67,440,44,95.58,0
67,450,45,96.17,0
68,10,2,8.51,0
68,20,3,14.13,0
68,30,3,19.98,0
68,40,8,25.17,0
68,50,13,29.07,0
68,60,17,32.95,0
68,70,18,36.51,0
68,80,18,40.0,0
68,90,22,43.65,0
68,100,26,46.69,0
68,110,27,49.45,0
68,120,29,51.62,0
68,130,30,54.16,1
68,140,31,56.45,1
68,150,32,58.92,1
68,160,34,61.97,1
68,170,35,64.34,1
68,180,37,66.67,1
68,190,37,68.78,1
68,200,37,71.03,1
68,210,37,72.92,1
68,220,37,74.98,1
68,230,38,76.76,1
68,240,38,78.88,1
68,250,38,81.06,1
68,260,38,82.75,1
68,270,39,84.08,1
68,280,40,85.23,1
68,290,40,86.16,1
68,300,41,87.32,1
68,310,41,88.67,1
68,320,42,90.11,1
68,330,42,91.06,1
68,340,42,91.7,1
68,350,42,92.46,1
68,360,42,93.08,1
68,370,43,94.02,1
68,380,43,94.62,1
68,390,43,95.2,1
68,400,43,95.8,1
68,410,44,96.3,1
68,420,44,96.82,1
68,430,44,97.31,1
69,10,2,8.86,0
69,20,4,14.36,0
69,30,4,19.75,0
69,40,8,25.31,0
69,50,12,30.38,0
69,60,16,34.04,0
69,70,19,36.83,0
69,80,21,40.23,0
69,90,22,43.22,0
69,100,24,45.86,0
69,110,26,48.72,0
69,120,27,51.41,0
69,130,28,54.2,0
69,140,28,56.89,0
69,150,28,59.76,0
69,160,30,62.72,0
69,170,31,65.65,0
69,180,33,67.8,0
69,190,33,69.25,0
69,200,33,70.91,0
69,210,35,72.75,0
69,220,36,74.71,0
69,230,36,76.37,0
69,240,36,78.04,0
69,250,36,79.67,0
69,260,36,81.69,0
69,270,36,83.17,0
69,280,37,84.3,0
69,290,37,85.24,0
69,300,37,86.19,0
69,310,38,87.36,0
69,320,39,88.69,0
69,330,39,89.83,0
69,340,40,90.92,0
69,350,41,91.7,0
69,360,42,92.47,0
69,370,42,93.27,0
69,380,43,93.83,0
69,390,43,94.28,0
69,400,43,94.69,0
69,410,43,95.05,0
69,420,43,95.6,0
69,430,43,96.23,0
69,440,43,96.88,0
69,450,43,97.42,0
69,460,44,97.79,0
69,470,44,98.29,0
70,10,3,9.41,0
70,20,3,15.17,0
70,30,4,20.07,0
70,40,7,25.01,0
70,50,9,29.73,0
70,60,10,33.54,0
70,70,13,36.96,0
70,80,13,39.64,0
70,90,15,41.83,0
70,100,17,44.49,0
70,110,18,47.41,0
70,120,23,50.4,0
70,130,24,53.72,0
70,140,29,56.66,0
70,150,30,59.29,0
70,160,31,61.9,0
70,170,32,64.06,0
70,180,33,66.3,0
70,190,33,68.62,0
70,200,35,71.08,0
70,210,35,73.46,0
70,220,35,75.32,0
70,230,35,76.84,0
70,240,36,78.4,0
70,250,36,80.06,0
70,260,36,81.78,0
70,270,39,83.67,0
70,280,39,85.2,0
70,290,39,86.07,0
70,300,39,86.79,0
70,310,39,87.55,0
70,320,39,88.28,0
70,330,40,89.16,0
70,340,40,89.99,0
70,350,40,90.88,0
70,360,42,91.71,0
70,370,42,92.08,0
70,380,42,92.4,0
70,390,42,92.72,0
70,400,42,93.25,0
70,410,43,93.88,0
70,420,43,94.38,0
70,430,43,94.83,0
70,440,43,95.16,0
70,450,43,95.47,0
70,460,43,95.77,0
70,470,43,95.97,0
70,480,43,96.28,0
70,490,43,96.71,0
70,500,43,97.09,0
70,510,43,97.26,0
70,520,43,97.42,0
70,530,43,97.55,0
70,540,43,97.79,0
70,550,43,97.95,0
70,560,43,98.1,0
70,570,44,98.24,0
70,580,44,98.42,0
70,590,44,98.55,0
70,600,44,98.74,0
70,610,44,98.77,0
70,620,44,98.79,0
70,630,44,98.79,0
70,640,44,98.8,0
70,650,44,98.8,0
70,660,44,98.83,0
70,670,44,98.89,0
70,680,44,98.98,0
70,690,44,99.02,0
70,700,44,99.12,0
70,710,44,99.13,0
71,10,1,9.35,0
71,20,3,15.77,0
71,30,4,21.62,0
71,40,4,26.86,0
71,50,5,31.95,0
71,60,8,35.92,0
71,70,13,39.75,0
71,80,15,43.57,0
71,90,16,47.22,0
71,100,16,51.23,1
71,110,20,54.63,1
71,120,21,57.74,1
71,130,21,60.48,1
71,140,23,62.85,1
71,150,24,64.91,1
71,160,25,67.09,1
71,170,25,69.44,1
71,180,29,71.98,1
71,190,31,74.01,1
71,200,33,75.66,1
71,210,35,77.67,1
71,220,36,79.1,1
71,230,37,80.55,1
71,240,37,81.92,2
71,250,37,83.08,2
71,260,38,84.14,2
71,270,38,85.47,2
71,280,38,86.54,2
71,290,39,87.27,2
71,300,39,88.29,2
71,310,39,89.25,2
71,320,39,90.16,2
71,330,39,90.96,2
71,340,39,91.81,2
71,350,41,92.58,2
71,360,41,93.21,2
71,370,42,93.92,2
71,380,43,94.5,2
71,390,43,94.94,2
71,400,43,95.39,2
71,410,43,95.76,2
71,420,43,96.0,2
71,430,43,96.39,2
71,440,43,96.67,2
71,450,43,96.85,2
71,460,43,97.04,2
71,470,43,97.14,2
71,480,43,97.27,2
71,490,43,97.45,2
71,500,43,97.75,2
71,510,43,98.05,2
71,520,43,98.14,2
71,530,43,98.23,2
71,540,43,98.32,2
71,550,43,98.34,2
71,560,43,98.45,2
71,570,43,98.48,2
71,580,43,98.48,2
71,590,43,98.55,2
71,600,43,98.63,2
71,610,43,98.72,2
71,620,43,98.76,2
71,630,43,98.76,2
71,640,43,98.76,2
71,650,43,98.8,2
71,660,43,98.82,2
71,670,43,98.82,2
71,680,43,98.9,2
71,690,43,98.91,2
71,700,43,98.95,2
71,710,44,99.0,2
71,720,44,99.01,2
71,730,44,99.04,2
71,740,44,99.1,2
71,750,44,99.12,2
71,760,44,99.12,2
71,770,44,99.16,2
71,780,44,99.17,2
71,790,44,99.19,2
71,800,44,99.2,2
71,810,44,99.2,2
71,820,44,99.2,2
71,830,44,99.2,2
71,840,44,99.2,2
71,850,44,99.2,2
71,860,44,99.2,2
71,870,44,99.2,2
71,880,44,99.2,2
71,890,44,99.2,2
71,900,44,99.2,2
71,910,44,99.2,2
71,920,44,99.2,2
71,930,44,99.33,2
71,940,44,99.37,2
71,950,44,99.37,2
71,960,44,99.37,2
71,970,44,99.39,2
71,980,44,99.39,2
71,990,44,99.39,2
71,1000,44,99.41,2
71,1010,44,99.41,2
71,1020,44,99.41,2
71,1030,44,99.41,2
71,1040,44,99.41,2
71,1050,44,99.41,2
71,1060,44,99.41,2
71,1070,44,99.41,2
71,1080,44,99.42,2
71,1090,44,99.42,2
71,1100,44,99.42,2
71,1110,44,99.42,2
71,1120,44,99.42,2
71,1130,44,99.42,2
71,1140,44,99.42,2
71,1150,44,99.42,2
71,1160,44,99.42,2
71,1170,44,99.42,2
71,1180,44,99.42,2
71,1190,44,99.42,2
71,1200,44,99.42,2
71,1210,44,99.42,2
71,1220,44,99.42,2
71,1230,44,99.42,2
71,1240,44,99.42,2
71,1250,44,99.42,2
71,1260,44,99.42,2
71,1270,44,99.42,2
71,1280,44,99.42,2
71,1290,44,99.42,3
71,1300,44,99.42,3
71,1310,44,99.42,3
71,1320,44,99.42,3
71,1330,44,99.42,3
71,1340,44,99.42,3
71,1350,44,99.42,3
71,1360,44,99.42,3
71,1370,44,99.42,3
71,1380,44,99.42,3
71,1390,44,99.42,3
71,1400,44,99.42,3
71,1410,44,99.42,3
71,1420,44,99.42,3
71,1430,44,99.42,3
71,1440,44,99.42,3
71,1450,44,99.42,3
71,1460,44,99.42,3
71,1470,44,99.42,3
71,1480,44,99.42,3
71,1490,44,99.42,3
71,1500,44,99.42,3
71,1510,44,99.42,3
71,1520,44,99.42,3
71,1530,44,99.42,3
71,1540,44,99.43,3
71,1550,44,99.43,3
71,1560,44,99.43,3
71,1570,44,99.43,3
71,1580,44,99.43,3
71,1590,44,99.43,4
71,1600,44,99.43,4
71,1610,44,99.43,4
71,1620,44,99.43,4
71,1630,44,99.43,4
71,1640,44,99.43,4
71,1650,44,99.43,4
71,1660,44,99.43,4
71,1670,44,99.43,4
71,1680,44,99.43,5
71,1690,44,99.43,5
71,1700,44,99.43,5
71,1710,44,99.43,5
71,1720,44,99.43,5
71,1730,44,99.43,5
71,1740,44,99.43,5
71,1750,44,99.43,5
71,1760,44,99.43,5
71,1770,44,99.43,6
71,1780,44,99.43,6
71,1790,44,99.43,6
71,1800,44,99.43,6
71,1810,44,99.43,6
71,1820,44,99.43,6
71,1830,44,99.48,6
71,1840,44,99.48,6
71,1850,44,99.48,6
71,1860,44,99.48,6
71,1870,44,99.48,6
71,1880,44,99.48,6
71,1890,44,99.48,6
71,1900,44,99.48,6
71,1910,44,99.48,6
71,1920,44,99.48,6
71,1930,44,99.49,6
71,1940,44,99.49,6
71,1950,44,99.49,6
71,1960,44,99.49,7
71,1970,44,99.49,7
71,1980,44,99.49,8
71,1990,44,99.49,8
71,2000,44,99.49,9
72,10,3,8.26,0
72,20,5,13.23,0
72,30,6,18.09,0
72,40,9,22.55,0
72,50,11,26.17,0
72,60,14,29.84,0
72,70,18,33.09,0
72,80,24,36.52,0
72,90,26,39.7,0
72,100,32,42.64,0
72,110,32,45.78,0
72,120,32,48.55,0
72,130,34,51.4,0
72,140,36,54.15,0
72,150,37,56.61,0
72,160,37,58.94,0
72,170,37,61.81,0
72,180,38,64.95,0
72,190,38,67.33,0
72,200,38,69.55,0
72,210,38,71.93,0
72,220,38,74.09,0
72,230,40,76.28,0
72,240,43,78.66,0
72,250,43,80.8,0
72,260,44,82.7,0
72,270,44,84.39,0
72,280,44,85.31,0
72,290,44,86.17,0
72,300,44,87.26,0
72,310,44,88.47,0
72,320,44,89.52,0
73,10,0,9.42,0
73,20,3,15.43,0
73,30,6,20.7,0
73,40,7,25.82,0
73,50,10,30.86,0
73,60,16,35.46,0
73,70,18,38.86,0
73,80,23,41.61,0
73,90,25,44.44,0
73,100,27,46.65,0
73,110,27,49.05,0
73,120,28,51.68,0
73,130,31,54.09,0
73,140,31,56.19,0
73,150,31,58.29,0
73,160,31,60.42,0
73,170,32,62.91,0
73,180,32,65.06,0
73,190,34,67.01,0
73,200,35,69.1,0
73,210,35,71.35,0
73,220,36,73.28,0
73,230,39,74.97,0
73,240,39,76.78,0
73,250,42,78.76,0
73,260,42,80.2,0
73,270,42,81.39,0
73,280,42,82.48,0
73,290,43,83.48,0
73,300,43,85.02,0
73,310,43,86.42,0
73,320,44,87.88,0
73,330,44,89.19,0
73,340,44,90.06,0
73,350,44,90.71,0
73,360,44,91.46,0
73,370,44,92.51,0
73,380,44,93.19,0
73,390,44,93.67,0
73,400,44,94.31,0
73,410,44,94.7,0
73,420,44,95.08,0
73,430,44,95.64,0
73,440,44,96.14,0
73,450,44,96.49,0
73,460,44,96.89,0
74,10,1,8.77,0
74,20,2,14.57,0
74,30,3,20.39,0
74,40,7,25.8,0
74,50,10,30.54,0
74,60,12,34.7,0
74,70,14,38.29,0
74,80,19,41.87,0
74,90,20,45.12,0
74,100,21,48.11,0
74,110,24,51.03,0
74,120,25,53.82,0
74,130,26,56.52,0
74,140,28,59.16,0
74,150,30,61.38,0
74,160,31,63.5,0
74,170,32,66.33,0
74,180,33,69.33,0
74,190,34,71.74,0
74,200,34,74.0,0
74,210,35,75.8,0
74,220,38,77.81,0
74,230,41,79.78,0
74,240,41,81.63,0
74,250,41,83.14,0
74,260,41,84.09,0
74,270,41,85.25,0
74,280,41,86.31,0
74,290,42,87.56,0
74,300,42,88.76,0
74,310,42,89.71,0
74,320,43,90.54,0
74,330,43,91.07,0
74,340,43,91.8,0
74,350,43,92.64,0
74,360,43,93.15,0
74,370,43,93.45,0
74,380,43,93.92,0
74,390,44,94.62,0
74,400,44,95.19,0
74,410,44,95.35,0
74,420,44,95.69,0
75,10,1,8.66,0
75,20,1,14.55,0
75,30,6,20.13,0
75,40,9,24.83,0
75,50,13,29.04,0
75,60,18,32.73,0
75,70,22,35.83,0
75,80,24,38.89,0
75,90,24,41.49,0
75,100,25,43.53,0
75,110,25,45.57,0
75,120,28,47.55,0
75,130,30,50.12,0
75,140,31,52.47,0
75,150,34,54.37,0
75,160,34,56.68,0
75,170,34,58.7,0
75,180,36,61.0,0
75,190,37,63.02,0
75,200,37,65.04,0
75,210,37,67.27,0
75,220,38,69.26,0
75,230,38,71.27,0
75,240,38,73.08,0
75,250,38,74.8,0
75,260,38,76.5,0
75,270,38,78.08,0
75,280,39,79.29,0
75,290,40,80.66,0
75,300,40,82.17,0
75,310,40,83.71,0
75,320,40,84.65,0
75,330,42,85.42,0
75,340,42,86.33,0
75,350,42,87.36,0
75,360,42,88.5,0
75,370,43,89.31,0
75,380,43,89.92,0
75,390,43,90.64,0
75,400,43,91.33,0
75,410,43,91.7,0
75,420,43,92.13,0
75,430,43,92.5,0
75,440,43,92.9,0
75,450,43,93.36,0
75,460,44,93.7,0
75,470,44,94.16,0
75,480,44,94.86,0
75,490,44,95.34,0
75,500,44,95.99,0
75,510,44,96.39,0
75,520,44,96.93,0
75,530,44,97.25,0
75,540,44,97.39,0
75,550,44,97.77,0
75,560,44,97.99,0
75,570,44,98.23,0
75,580,44,98.43,0
75,590,44,98.59,0
75,600,44,98.65,0
75,610,44,98.72,0
75,620,44,98.73,0
75,630,44,98.73,0
75,640,44,98.75,0
75,650,44,98.75,0
75,660,44,98.79,0
75,670,44,98.79,0
75,680,44,98.89,0
75,690,44,99.0,0
75,700,45,99.09,0
76,10,3,8.89,0
76,20,3,14.84,0
76,30,5,20.16,0
76,40,9,25.2,0
76,50,9,29.84,0
76,60,10,33.31,0
76,70,14,37.03,0
76,80,15,40.27,0
76,90,18,43.94,1
76,100,19,46.87,1
76,110,22,49.12,1
76,120,27,51.47,1
76,130,28,53.69,1
76,140,30,55.93,1
76,150,30,58.43,1
76,160,34,60.28,1
76,170,35,62.38,1
76,180,37,64.68,1
76,190,39,66.51,1
76,200,39,68.26,1
76,210,39,70.1,1
76,220,40,72.27,1
76,230,40,73.95,1
76,240,41,75.56,1
76,250,41,77.17,1
76,260,41,78.29,1
76,270,41,79.67,1
76,280,42,81.23,1
76,290,42,82.89,1
76,300,42,84.63,1
76,310,42,86.26,1
76,320,42,87.54,1
76,330,42,88.33,1
76,340,42,88.85,1
76,350,42,89.67,1
76,360,43,90.46,1
76,370,43,90.83,1
76,380,44,91.52,1
76,390,44,91.99,1
76,400,44,92.56,1
76,410,44,93.31,1
76,420,44,94.14,1
76,430,44,94.89,1
76,440,44,95.54,1
76,450,44,95.98,1
77,10,2,8.42,0
77,20,3,13.62,0
77,30,5,19.19,0
77,40,6,24.4,0
77,50,11,29.23,0
77,60,11,33.24,0
77,70,15,36.89,0
77,80,18,40.42,0
77,90,18,43.38,0
77,100,21,46.27,0
77,110,25,48.45,0
77,120,27,50.08,0
77,130,28,51.87,0
77,140,29,53.87,0
77,150,30,55.95,0
77,160,30,58.01,0
77,170,31,60.43,0
77,180,31,62.9,0
77,190,34,65.73,0
77,200,36,68.2,0
77,210,36,70.49,0
77,220,38,72.1,0
77,230,39,73.86,0
77,240,39,75.56,0
77,250,40,77.39,0
77,260,41,78.51,0
77,270,42,79.7,0
77,280,42,81.19,0
77,290,42,82.88,0
77,300,42,84.54,0
77,310,42,86.07,0
77,320,42,87.27,0
77,330,42,88.24,0
77,340,42,89.45,0
77,350,42,90.73,0
77,360,44,91.81,0
77,370,44,92.78,0
77,380,44,93.52,0
77,390,44,94.08,0
77,400,44,94.64,0
77,410,44,95.35,0
77,420,44,95.85,0
77,430,44,96.48,0
77,440,44,97.19,0
77,450,44,97.69,0
77,460,44,98.14,0
77,470,44,98.53,0
78,10,2,8.17,0
78,20,6,13.81,0
78,30,9,19.34,0
78,40,10,24.19,0
78,50,10,28.81,0
78,60,10,32.98,0
78,70,14,37.12,0
78,80,17,40.51,0
78,90,18,43.65,0
78,100,22,47.09,0
78,110,23,49.69,0
78,120,25,52.43,0
78,130,28,54.95,0
78,140,31,57.88,0
78,150,32,60.27,0
78,160,32,62.57,0
78,170,32,64.95,0
78,180,32,67.16,0
78,190,32,69.21,0
78,200,32,71.31,0
78,210,33,73.35,0
78,220,33,75.59,0
78,230,33,77.44,0
78,240,33,79.51,0
78,250,33,81.32,0
78,260,33,82.66,0
78,270,33,83.66,0
78,280,34,84.6,0
78,290,34,85.73,0
78,300,34,86.79,0
78,310,34,87.48,0
78,320,35,88.14,0
78,330,35,89.14,0
78,340,36,90.16,0
78,350,38,90.91,0
78,360,38,91.64,0
78,370,38,92.09,0
78,380,39,92.46,0
78,390,39,93.25,0
78,400,39,93.72,0
78,410,39,94.31,0
78,420,39,94.71,0
78,430,39,95.24,0
78,440,39,95.77,0
78,450,39,96.21,0
78,460,39,96.65,0
78,470,39,96.88,0
78,480,40,97.11,0
78,490,40,97.55,0
78,500,40,98.02,0
78,510,40,98.46,0
78,520,41,98.75,0
78,530,41,98.89,0
78,540,41,99.11,0
78,550,41,99.17,0
78,560,41,99.25,0
78,570,41,99.34,0
78,580,41,99.39,0
78,590,41,99.41,0
78,600,41,99.44,0
78,610,41,99.44,0
78,620,41,99.54,0
78,630,41,99.59,0
78,640,41,99.59,0
78,650,41,99.59,0
78,660,41,99.59,0
78,670,41,99.64,0
78,680,41,99.7,0
78,690,41,99.71,0
78,700,41,99.71,0
78,710,41,99.71,0
78,720,42,99.73,0
78,730,42,99.73,0
78,740,42,99.73,0
78,750,42,99.73,0
78,760,42,99.73,0
78,770,42,99.73,0
78,780,42,99.73,0
78,790,42,99.73,0
78,800,42,99.73,0
78,810,42,99.73,0
78,820,42,99.73,0
78,830,42,99.73,0
78,840,42,99.73,0
78,850,42,99.73,0
78,860,42,99.73,0
78,870,42,99.73,0
78,880,42,99.73,0
78,890,42,99.73,0
78,900,42,99.73,0
78,910,42,99.73,0
78,920,42,99.73,0
78,930,42,99.73,0
78,940,42,99.73,0
78,950,42,99.73,0
78,960,42,99.73,0
78,970,42,99.73,0
78,980,42,99.73,0
78,990,42,99.73,0
78,1000,42,99.73,0
78,1010,42,99.73,0
78,1020,42,99.73,0
78,1030,42,99.73,0
78,1040,42,99.74,0
78,1050,42,99.75,0
78,1060,42,99.75,0
78,1070,42,99.75,0
78,1080,42,99.75,0
78,1090,42,99.75,1
78,1100,42,99.75,2
78,1110,42,99.75,2
78,1120,42,99.75,2
78,1130,42,99.75,2
78,1140,42,99.75,2
78,1150,42,99.75,2
78,1160,42,99.75,2
78,1170,42,99.75,2
78,1180,42,99.75,2
78,1190,42,99.75,2
78,1200,42,99.75,2
78,1210,42,99.75,2
78,1220,42,99.75,2
78,1230,42,99.75,3
78,1240,42,99.75,3
78,1250,42,99.75,3
78,1260,42,99.75,3
78,1270,42,99.75,3
78,1280,42,99.75,3
78,1290,42,99.75,3
78,1300,42,99.75,3
78,1310,42,99.75,3
78,1320,42,99.75,3
78,1330,42,99.75,3
78,1340,42,99.75,3
78,1350,42,99.75,3
78,1360,42,99.75,3
78,1370,42,99.75,3
78,1380,42,99.75,3
78,1390,42,99.75,3
78,1400,42,99.75,3
78,1410,42,99.75,3
78,1420,42,99.75,3
78,1430,42,99.75,3
78,1440,42,99.75,3
78,1450,42,99.75,3
78,1460,42,99.76,3
78,1470,42,99.76,3
78,1480,42,99.76,3
78,1490,42,99.76,3
78,1500,42,99.76,3
78,1510,42,99.76,3
78,1520,42,99.76,3
78,1530,42,99.76,3
78,1540,42,99.76,3
78,1550,42,99.76,3
78,1560,42,99.76,3
78,1570,42,99.76,3
78,1580,42,99.76,3
78,1590,42,99.76,3
78,1600,42,99.76,3
78,1610,42,99.76,3
78,1620,42,99.76,3
78,1630,42,99.76,3
78,1640,42,99.76,4
78,1650,42,99.76,4
78,1660,42,99.76,4
78,1670,42,99.76,5
78,1680,42,99.76,5
78,1690,42,99.76,5
78,1700,42,99.76,5
78,1710,42,99.76,5
78,1720,42,99.76,5
78,1730,42,99.76,5
78,1740,42,99.76,6
78,1750,42,99.76,6
78,1760,42,99.76,6
78,1770,42,99.76,6
78,1780,42,99.76,6
78,1790,42,99.76,7
78,1800,42,99.76,7
78,1810,42,99.76,7
78,1820,42,99.76,7
78,1830,42,99.76,7
78,1840,42,99.76,7
78,1850,42,99.76,7
78,1860,42,99.76,7
78,1870,42,99.76,8
78,1880,42,99.76,8
78,1890,42,99.76,8
78,1900,42,99.76,8
78,1910,42,99.76,8
78,1920,42,99.76,8
78,1930,42,99.76,9
78,1940,42,99.76,9
78,1950,42,99.76,9
78,1960,42,99.77,9
78,1970,43,99.77,10
78,1980,43,99.77,10
78,1990,43,99.77,11
78,2000,43,99.77,11
79,10,2,8.19,0
79,20,4,13.38,0
79,30,5,18.5,0
79,40,8,22.99,0
79,50,8,27.48,0
79,60,8,31.86,0
79,70,12,35.66,0
79,80,15,39.22,0
79,90,15,42.18,0
79,100,16,44.88,0
79,110,18,47.69,0
79,120,18,50.4,0
79,130,20,53.02,0
79,140,22,55.14,0
79,150,24,57.48,0
79,160,30,60.01,0
79,170,31,62.39,0
79,180,31,64.7,0
79,190,31,67.24,0
79,200,33,69.0,0
79,210,35,70.79,0
79,220,37,72.69,0
79,230,38,74.62,0
79,240,38,76.48,0
79,250,39,77.86,0
79,260,39,78.64,0
79,270,39,79.44,0
79,280,39,80.34,0
79,290,39,81.36,0
79,300,40,82.23,0
79,310,40,83.05,0
79,320,40,83.96,0
79,330,40,84.83,0
79,340,40,85.56,0
79,350,40,86.12,0
79,360,40,86.8,0
79,370,41,87.85,0
79,380,42,88.84,0
79,390,43,89.78,0
79,400,44,90.51,0
79,410,44,91.15,0
79,420,44,91.91,0
79,430,44,92.3,0
79,440,45,92.67,0
80,10,2,8.67,0
80,20,3,13.91,0
80,30,5,19.27,0
80,40,7,24.57,0
80,50,12,29.39,0
80,60,15,33.79,0
80,70,17,37.45,0
80,80,19,40.74,0
80,90,21,43.72,0
80,100,22,46.58,0
80,110,22,49.08,0
80,120,22,51.18,0
80,130,24,53.76,0
80,140,25,56.29,0
80,150,30,58.68,0
80,160,31,61.04,0
80,170,32,63.22,0
80,180,33,64.86,0
80,190,33,66.54,0
80,200,34,67.94,0
80,210,34,69.49,0
80,220,34,71.37,0
80,230,34,72.72,0
80,240,35,74.28,0
80,250,36,76.23,0
80,260,37,78.01,0
80,270,38,79.38,0
80,280,38,80.56,0
80,290,38,81.49,0
80,300,38,82.39,0
80,310,38,83.15,0
80,320,39,83.95,0
80,330,39,84.55,0
80,340,39,85.31,0
80,350,39,86.16,0
80,360,39,87.12,0
80,370,40,87.96,0
80,380,40,89.2,0
80,390,40,90.16,0
80,400,41,90.77,0
80,410,41,91.33,0
80,420,43,92.05,0
80,430,43,92.46,0
80,440,43,93.01,0
80,450,43,93.43,0
80,460,43,94.02,0
80,470,43,94.6,0
80,480,43,95.05,0
80,490,44,95.41,0
80,500,44,95.76,0
80,510,44,96.14,0
80,520,44,96.39,0
80,530,44,96.64,0
80,540,44,96.78,0
80,550,44,97.18,0
80,560,44,97.35,0
80,570,44,97.71,0
80,580,44,97.9,0
80,590,44,98.08,0
80,600,44,98.14,0
81,10,1,8.57,0
81,20,2,13.64,0
81,30,6,19.26,0
81,40,7,24.32,0
81,50,7,28.53,0
81,60,8,32.39,0
81,70,12,35.87,0
81,80,14,39.31,0
81,90,20,42.3,0
81,100,27,45.21,0
81,110,31,47.82,0
81,120,32,50.1,0
81,130,33,52.06,0
81,140,35,55.09,0
81,150,35,57.86,0
81,160,37,60.83,0
81,170,37,63.0,0
81,180,37,65.3,0
81,190,38,67.36,0
81,200,38,69.19,0
81,210,39,70.72,0
81,220,39,72.07,0
81,230,39,73.8,0
81,240,39,75.64,0
81,250,39,77.01,0
81,260,39,78.51,0
81,270,41,80.17,0
81,280,42,81.58,0
81,290,42,82.51,0
81,300,42,83.24,0
81,310,42,84.2,0
81,320,42,85.28,0
81,330,43,86.26,0
81,340,43,87.41,0
81,350,43,88.62,0
81,360,43,89.72,0
81,370,43,90.72,0
81,380,44,91.43,0
81,390,44,92.31,0
81,400,44,93.12,0
81,410,44,93.88,0
81,420,44,94.5,0
81,430,44,94.94,0
81,440,44,95.29,0
81,450,44,95.71,0
81,460,44,96.0,0
81,470,44,96.31,0
81,480,44,96.63,0
81,490,44,96.81,0
81,500,44,97.09,0
81,510,44,97.41,0
81,520,44,97.54,0
81,530,44,97.6,0
81,540,44,97.78,0
81,550,44,97.84,0
81,560,44,98.1,0
81,570,44,98.32,0
81,580,44,98.52,0
81,590,44,98.69,0
81,600,44,98.72,0
81,610,44,98.72,0
81,620,44,98.72,0
81,630,44,98.78,0
81,640,44,98.81,0
81,650,44,98.93,0
81,660,44,99.0,0
81,670,44,99.01,0
81,680,44,99.01,0
81,690,44,99.06,0
81,700,44,99.13,0
81,710,44,99.14,0
82,10,3,8.84,0
82,20,4,15.04,0
82,30,8,21.26,0
82,40,10,27.11,0
82,50,11,32.61,0
82,60,13,37.15,0
82,70,13,40.15,0
82,80,15,43.49,0
82,90,17,46.67,0
82,100,17,49.46,0
82,110,18,52.79,0
82,120,22,55.69,0
82,130,29,58.39,0
82,140,32,60.65,0
82,150,34,62.46,0
82,160,35,64.3,0
82,170,35,66.24,0
82,180,38,69.01,0
82,190,39,71.48,0
82,200,39,73.28,0
82,210,41,74.46,0
82,220,41,75.54,0
82,230,41,76.77,0
82,240,41,78.24,0
82,250,41,79.9,0
82,260,41,81.36,0
82,270,41,82.76,0
82,280,41,84.28,0
82,290,41,85.83,0
82,300,41,87.25,0
82,310,41,88.53,0
82,320,41,89.59,0
82,330,41,90.14,0
82,340,41,91.07,0
82,350,41,91.9,0
82,360,41,92.66,0
82,370,41,93.41,0
82,380,41,93.7,0
82,390,41,94.12,0
82,400,41,94.93,0
82,410,41,95.52,0
82,420,41,95.83,0
82,430,41,96.14,0
82,440,41,96.51,0
82,450,42,96.86,0
82,460,43,97.17,0
82,470,43,97.58,0
82,480,44,97.74,0
82,490,44,97.89,0
82,500,44,98.01,0
82,510,44,98.26,0
82,520,44,98.33,0
82,530,44,98.42,0
82,540,44,98.53,0
82,550,44,98.64,0
82,560,44,98.66,0
82,570,44,98.72,0
82,580,44,98.84,0
82,590,44,98.94,0
82,600,44,99.05,0
82,610,44,99.06,0
82,620,44,99.09,0
82,630,44,99.12,0
82,640,44,99.12,0
82,650,44,99.12,0
82,660,44,99.2,0
83,10,2,8.94,0
83,20,3,15.31,0
83,30,6,21.18,0
83,40,7,25.85,0
83,50,8,29.82,0
83,60,11,33.96,0
83,70,13,37.9,0
83,80,14,41.42,0
83,90,16,44.45,0
83,100,18,47.43,0
83,110,19,50.18,0
83,120,20,52.59,0
83,130,22,54.87,0
83,140,23,57.2,0
83,150,25,59.41,0
83,160,27,61.52,0
83,170,29,63.79,0
83,180,30,65.78,0
83,190,30,67.53,0
83,200,30,69.64,0
83,210,30,71.19,0
83,220,31,72.82,0
83,230,31,74.42,0
83,240,31,76.11,0
83,250,31,77.31,0
83,260,32,78.14,0
83,270,33,79.35,0
83,280,33,80.75,0
83,290,33,81.66,0
83,300,33,82.52,0
83,310,37,83.73,0
83,320,38,84.71,0
83,330,39,85.97,0
83,340,40,86.92,0
83,350,41,87.62,0
83,360,41,88.26,0
83,370,41,88.89,0
83,380,42,89.61,0
83,390,42,90.21,0
83,400,42,90.86,0
83,410,43,91.76,0
83,420,43,92.88,0
83,430,43,93.29,0
83,440,43,93.77,0
83,450,43,94.24,0
83,460,43,94.59,0
83,470,43,95.02,0
83,480,43,95.62,0
83,490,43,96.2,0
83,500,44,96.73,0
83,510,44,97.12,0
83,520,44,97.38,0
83,530,44,97.51,0
83,540,44,97.77,0
83,550,45,97.98,0
84,10,4,8.57,0
84,20,6,14.03,0
84,30,8,18.62,0
84,40,8,24.01,0
84,50,9,29.16,0
84,60,10,33.65,0
84,70,15,37.45,0
84,80,17,40.59,0
84,90,18,43.18,0
84,100,23,45.82,0
84,110,23,48.76,0
84,120,27,51.65,0
84,130,28,54.4,0
84,140,28,56.87,0
84,150,28,59.64,0
84,160,28,62.27,0
84,170,29,64.2,0
84,180,29,66.14,0
84,190,29,68.25,0
84,200,31,69.86,0
84,210,31,71.36,0
84,220,34,73.38,0
84,230,38,75.48,0
84,240,39,77.4,0
84,250,39,78.86,0
84,260,40,80.08,0
84,270,40,81.08,0
84,280,40,82.06,0
84,290,41,83.11,0
84,300,41,83.8,0
84,310,41,84.8,0
84,320,41,86.04,0
84,330,42,87.17,0
84,340,43,88.28,0
84,350,43,89.27,0
84,360,43,90.2,0
84,370,43,91.22,0
84,380,44,92.18,0
84,390,44,92.82,0
84,400,44,93.8,0
84,410,44,94.6,0
84,420,44,95.29,0
84,430,44,95.7,0
84,440,44,96.12,0
84,450,44,96.35,0
84,460,44,96.62,0
84,470,44,97.03,0
85,10,4,8.53,0
85,20,4,14.0,0
85,30,4,19.08,0
85,40,6,23.93,0
85,50,11,28.39,0
85,60,13,32.16,0
85,70,17,35.58,0
85,80,18,38.52,0
85,90,22,41.58,0
85,100,27,44.53,0
85,110,30,47.63,0
85,120,30,50.6,0
85,130,32,53.21,0
85,140,33,55.34,0
85,150,34,57.86,0
85,160,37,60.34,0
85,170,39,63.13,0
85,180,39,65.79,0
85,190,40,68.11,0
85,200,40,70.38,0
85,210,41,72.39,0
85,220,41,74.01,0
85,230,43,75.31,0
85,240,43,77.04,0
86,10,2,8.32,0
86,20,4,14.74,0
86,30,7,19.86,0
86,40,11,25.11,0
86,50,13,29.86,0
86,60,16,33.66,0
86,70,20,36.86,0
86,80,22,39.37,0
86,90,25,41.81,0
86,100,27,44.51,0
86,110,28,46.85,0
86,120,28,49.06,0
86,130,28,51.16,0
86,140,28,53.15,0
86,150,28,54.98,0
86,160,29,56.92,0
86,170,30,58.78,0
86,180,30,60.79,0
86,190,31,62.82,0
86,200,31,65.08,0
86,210,32,67.01,0
86,220,33,69.27,0
86,230,34,71.24,0
86,240,36,73.28,0
86,250,36,75.23,0
86,260,36,76.72,0
86,270,38,78.42,0
86,280,38,79.98,0
86,290,40,81.86,0
86,300,40,83.73,0
86,310,41,85.22,0
86,320,41,86.37,0
86,330,42,87.68,0
86,340,42,88.54,0
86,350,42,89.39,0
86,360,43,90.03,0
86,370,43,90.94,0
86,380,43,91.33,0
86,390,43,91.71,0
86,400,43,92.65,0
86,410,43,93.5,0
86,420,43,94.26,0
86,430,43,95.22,0
86,440,44,95.69,0
86,450,44,96.16,0
86,460,44,96.94,0
86,470,44,97.4,0
86,480,44,97.78,0
86,490,44,98.05,0
86,500,44,98.22,0
86,510,44,98.41,0
86,520,44,98.53,0
86,530,44,98.67,0
86,540,44,98.76,0
86,550,44,98.91,0
86,560,44,98.99,0
86,570,44,99.02,0
86,580,44,99.04,0
86,590,44,99.04,0
86,600,44,99.05,0
86,610,44,99.11,0
86,620,44,99.2,0
86,630,44,99.24,0
86,640,44,99.25,0
86,650,44,99.28,0
86,660,44,99.29,0
86,670,44,99.29,0
86,680,44,99.29,0
86,690,44,99.31,0
86,700,44,99.32,0
86,710,44,99.35,0
86,720,44,99.38,0
86,730,44,99.45,0
86,740,44,99.5,0
86,750,44,99.5,0
86,760,44,99.51,0
86,770,44,99.54,0
86,780,44,99.54,0
86,790,44,99.54,0
86,800,44,99.54,0
86,810,44,99.54,0
86,820,44,99.54,0
86,830,44,99.54,0
86,840,44,99.54,0
86,850,44,99.54,0
86,860,44,99.54,0
86,870,44,99.54,0
86,880,44,99.54,0
86,890,44,99.54,0
86,900,44,99.54,0
86,910,44,99.54,0
86,920,44,99.54,0
86,930,44,99.54,0
86,940,44,99.54,0
86,950,44,99.54,0
86,960,44,99.54,0
86,970,44,99.54,0
86,980,44,99.54,0
86,990,44,99.54,0
86,1000,44,99.54,0
86,1010,44,99.54,0
86,1020,44,99.54,0
86,1030,44,99.54,0
86,1040,44,99.54,0
86,1050,44,99.54,0
86,1060,44,99.54,0
86,1070,44,99.54,0
86,1080,44,99.54,0
86,1090,44,99.54,0
86,1100,44,99.54,0
86,1110,44,99.54,0
86,1120,44,99.54,0
86,1130,44,99.54,0
86,1140,44,99.54,0
86,1150,44,99.54,0
86,1160,44,99.54,0
86,1170,44,99.54,0
86,1180,44,99.54,0
86,1190,44,99.54,0
86,1200,44,99.54,0
86,1210,44,99.54,0
86,1220,44,99.54,0
86,1230,44,99.54,0
86,1240,44,99.54,0
86,1250,44,99.54,0
86,1260,44,99.54,0
86,1270,44,99.54,0
86,1280,44,99.54,0
86,1290,44,99.54,0
86,1300,44,99.54,0
86,1310,44,99.54,0
86,1320,44,99.54,0
86,1330,44,99.54,0
86,1340,44,99.54,0
86,1350,44,99.54,0
86,1360,44,99.54,0
86,1370,44,99.54,0
86,1380,44,99.54,0
86,1390,44,99.54,0
86,1400,44,99.54,0
86,1410,44,99.54,1
86,1420,44,99.54,1
86,1430,44,99.69,1
86,1440,44,99.69,1
86,1450,44,99.69,1
86,1460,44,99.69,1
86,1470,44,99.69,1
86,1480,44,99.69,1
86,1490,44,99.69,1
86,1500,44,99.69,1
86,1510,44,99.69,1
86,1520,44,99.69,1
86,1530,44,99.69,1
86,1540,44,99.69,1
86,1550,44,99.69,1
86,1560,44,99.69,1
86,1570,44,99.69,2
86,1580,44,99.69,2
86,1590,44,99.69,2
86,1600,44,99.69,2
86,1610,44,99.69,2
86,1620,44,99.69,2
86,1630,44,99.69,2
86,1640,44,99.69,2
86,1650,44,99.69,2
86,1660,44,99.69,2
86,1670,44,99.69,2
86,1680,44,99.69,2
86,1690,44,99.69,2
86,1700,44,99.69,2
86,1710,44,99.69,2
86,1720,44,99.69,2
86,1730,44,99.69,2
86,1740,44,99.69,2
86,1750,44,99.69,2
86,1760,44,99.69,2
86,1770,44,99.69,2
86,1780,44,99.69,2
86,1790,44,99.69,2
86,1800,44,99.69,2
86,1810,44,99.69,2
86,1820,44,99.69,2
86,1830,44,99.69,2
86,1840,44,99.69,2
86,1850,44,99.69,2
86,1860,44,99.69,2
86,1870,44,99.69,3
86,1880,44,99.69,3
86,1890,44,99.69,3
86,1900,44,99.69,3
86,1910,44,99.69,3
86,1920,44,99.69,3
86,1930,44,99.69,3
86,1940,44,99.69,3
86,1950,44,99.69,3
86,1960,44,99.69,3
86,1970,44,99.69,4
86,1980,44,99.69,4
86,1990,44,99.69,4
86,2000,44,99.69,4
87,10,1,9.02,0
87,20,6,15.11,0
87,30,9,20.5,0
87,40,13,25.59,0
87,50,15,29.95,0
87,60,18,34.13,0
87,70,20,37.46,0
87,80,22,40.27,0
87,90,23,43.54,0
87,100,24,47.44,0
87,110,24,50.64,0
87,120,25,53.6,0
87,130,27,56.05,0
87,140,29,58.58,0
87,150,29,60.96,0
87,160,30,62.74,0
87,170,31,64.9,0
87,180,32,67.12,0
87,190,32,68.88,0
87,200,32,70.33,0
87,210,32,72.05,0
87,220,33,74.29,0
87,230,34,76.28,0
87,240,35,77.97,0
87,250,35,79.81,0
87,260,35,81.24,0
87,270,36,82.43,0
87,280,36,83.53,0
87,290,36,84.48,0
87,300,37,86.09,0
87,310,39,87.08,0
87,320,40,88.02,0
87,330,41,88.81,0
87,340,41,89.37,0
87,350,42,89.85,0
87,360,42,90.32,0
87,370,44,90.94,0
87,380,44,91.4,0
87,390,44,91.82,0
87,400,44,92.44,0
87,410,44,92.84,0
87,420,44,93.26,0
87,430,44,93.63,0
88,10,4,8.91,0
88,20,6,14.76,0
88,30,12,20.54,0
88,40,13,25.91,0
88,50,13,30.21,0
88,60,17,34.01,0
88,70,20,36.9,0
88,80,20,39.61,0
88,90,23,42.77,0
88,100,25,46.31,0
88,110,26,49.73,0
88,120,26,53.12,0
88,130,28,56.07,0
88,140,30,58.35,0
88,150,31,61.0,0
88,160,32,64.27,0
88,170,34,66.98,0
88,180,35,69.5,0
88,190,35,71.4,0
88,200,37,73.27,0
88,210,37,75.38,0
88,220,37,77.09,0
88,230,38,78.99,0
88,240,38,80.88,0
88,250,38,82.38,0
88,260,38,83.95,0
88,270,39,85.31,0
88,280,40,86.51,0
88,290,40,87.53,0
88,300,40,88.29,0
88,310,40,89.0,0
88,320,40,89.9,0
88,330,42,90.79,0
88,340,42,91.59,0
88,350,42,92.05,0
88,360,43,92.66,0
88,370,43,93.3,1
88,380,43,93.71,1
88,390,43,94.33,1
88,400,43,95.05,1
88,410,43,95.56,1
88,420,43,95.9,1
88,430,43,96.29,1
88,440,43,96.54,1
88,450,43,96.7,1
88,460,44,97.1,1
88,470,44,97.34,1
88,480,44,97.58,1
88,490,44,97.8,1
88,500,44,97.89,1
88,510,44,97.94,1
88,520,44,98.06,1
88,530,44,98.27,1
88,540,44,98.35,1
88,550,44,98.46,1
88,560,44,98.54,1
88,570,44,98.55,1
88,580,44,98.55,1
88,590,44,98.58,1
88,600,44,98.61,1
88,610,44,98.62,1
88,620,44,98.69,1
88,630,44,98.74,1
88,640,44,98.83,1
88,650,44,98.93,1
88,660,44,99.12,1
88,670,44,99.3,1
88,680,44,99.3,1
88,690,44,99.3,1
88,700,44,99.31,1
88,710,44,99.34,1
88,720,44,99.34,1
88,730,44,99.35,1
88,740,44,99.35,1
88,750,44,99.35,1
88,760,44,99.35,1
88,770,44,99.35,1
88,780,44,99.35,1
88,790,44,99.35,1
88,800,44,99.35,1
88,810,44,99.35,1
88,820,44,99.35,1
88,830,44,99.35,1
88,840,44,99.35,1
88,850,44,99.35,1
88,860,44,99.35,1
88,870,44,99.35,1
88,880,44,99.36,1
88,890,44,99.36,1
88,900,44,99.36,1
88,910,44,99.36,1
88,920,44,99.36,1
88,930,44,99.36,1
88,940,44,99.36,1
88,950,44,99.36,1
88,960,44,99.36,1
88,970,44,99.36,1
88,980,44,99.36,1
88,990,44,99.36,1
88,1000,44,99.36,2
88,1010,44,99.38,2
88,1020,44,99.47,2
88,1030,44,99.51,2
88,1040,44,99.51,2
88,1050,44,99.51,2
88,1060,44,99.51,2
88,1070,44,99.51,2
88,1080,44,99.51,2
88,1090,44,99.51,2
88,1100,44,99.51,2
88,1110,44,99.51,2
88,1120,44,99.51,2
88,1130,44,99.51,2
88,1140,44,99.51,2
88,1150,44,99.51,2
88,1160,44,99.51,2
88,1170,44,99.51,2
88,1180,44,99.51,2
88,1190,44,99.51,2
88,1200,44,99.51,2
88,1210,44,99.51,2
88,1220,44,99.51,2
88,1230,44,99.51,2
88,1240,44,99.51,2
88,1250,44,99.51,2
88,1260,44,99.51,2
88,1270,44,99.51,2
88,1280,44,99.51,2
88,1290,44,99.51,2
88,1300,44,99.51,2
88,1310,44,99.51,2
88,1320,44,99.51,2
88,1330,44,99.51,2
88,1340,44,99.51,2
88,1350,44,99.51,2
88,1360,44,99.51,2
88,1370,44,99.51,2
88,1380,44,99.51,2
88,1390,44,99.51,2
88,1400,44,99.51,2
88,1410,44,99.51,2
88,1420,44,99.51,2
88,1430,44,99.51,2
88,1440,44,99.51,2
88,1450,44,99.51,2
88,1460,44,99.51,2
88,1470,44,99.51,2
88,1480,44,99.51,2
88,1490,44,99.51,2
88,1500,44,99.51,2
88,1510,44,99.51,2
88,1520,44,99.51,2
88,1530,44,99.51,2
88,1540,44,99.51,2
88,1550,44,99.51,2
88,1560,44,99.51,2
88,1570,44,99.51,2
88,1580,44,99.51,2
88,1590,44,99.51,2
88,1600,44,99.51,2
88,1610,44,99.51,2
88,1620,44,99.51,2
88,1630,44,99.51,2
88,1640,44,99.51,2
88,1650,44,99.51,2
88,1660,44,99.51,2
88,1670,44,99.51,2
88,1680,44,99.51,2
88,1690,44,99.51,2
88,1700,44,99.51,2
88,1710,44,99.51,2
88,1720,44,99.51,2
88,1730,44,99.51,2
88,1740,44,99.51,2
88,1750,44,99.51,2
88,1760,44,99.51,2
88,1770,44,99.51,3
88,1780,44,99.51,3
88,1790,44,99.51,3
88,1800,44,99.51,3
88,1810,44,99.51,3
88,1820,44,99.51,3
88,1830,44,99.51,3
88,1840,44,99.51,3
88,1850,44,99.51,3
88,1860,44,99.51,3
88,1870,44,99.51,3
88,1880,44,99.51,3
88,1890,44,99.51,3
88,1900,44,99.51,3
88,1910,44,99.51,3
88,1920,44,99.51,3
88,1930,44,99.51,3
88,1940,44,99.51,3
88,1950,44,99.51,3
88,1960,44,99.51,3
88,1970,44,99.51,3
88,1980,44,99.51,3
88,1990,44,99.51,3
88,2000,44,99.51,3
89,10,0,9.01,0
89,20,1,15.21,0
89,30,2,20.04,0
89,40,5,25.05,0
89,50,6,29.84,0
89,60,9,34.15,0
89,70,11,37.72,0
89,80,13,41.28,0
89,90,14,43.91,0
89,100,18,46.92,0
89,110,19,49.59,0
89,120,20,52.54,0
89,130,21,55.01,0
89,140,21,56.96,0
89,150,23,59.21,0
89,160,24,61.42,0
89,170,25,63.53,0
89,180,26,65.45,0
89,190,27,67.57,0
89,200,28,69.62,0
89,210,28,71.89,0
89,220,28,74.03,0
89,230,31,76.1,0
89,240,32,77.91,0
89,250,34,79.56,0
89,260,35,81.74,0
89,270,39,83.84,0
89,280,40,85.23,0
89,290,40,86.56,0
89,300,42,88.01,0
89,310,43,89.05,0
89,320,43,89.95,0
89,330,43,90.73,0
89,340,43,91.4,0
89,350,43,92.28,0
89,360,43,93.06,0
89,370,43,93.52,0
89,380,43,94.01,0
89,390,43,94.52,0
89,400,43,95.03,0
89,410,43,95.57,0
89,420,43,95.77,0
89,430,43,96.08,0
89,440,43,96.35,0
89,450,43,96.54,0
89,460,43,96.88,0
89,470,43,97.11,0
89,480,43,97.38,0
89,490,43,97.73,0
89,500,43,98.17,0
89,510,43,98.37,0
89,520,43,98.51,0
89,530,43,98.63,0
89,540,43,98.78,0
89,550,43,98.86,0
89,560,44,98.95,0
89,570,44,99.06,0
89,580,44,99.11,0
89,590,44,99.23,0
89,600,44,99.36,0
89,610,44,99.49,0
89,620,44,99.55,0
89,630,44,99.6,0
89,640,44,99.62,0
89,650,44,99.66,0
89,660,44,99.66,0
89,670,44,99.68,0
89,680,44,99.77,0
89,690,44,99.78,0
89,700,44,99.78,0
90,10,1,8.54,0
90,20,4,14.53,0
90,30,7,20.36,0
90,40,8,25.28,0
90,50,9,29.05,0
90,60,12,33.23,0
90,70,17,36.59,0
90,80,18,40.04,0
90,90,18,43.08,0
90,100,21,45.55,0
90,110,22,48.26,0
90,120,26,51.02,0
90,130,26,53.92,0
90,140,26,56.4,0
90,150,29,59.34,0
90,160,30,61.59,0
90,170,34,63.69,0
90,180,34,66.07,0
90,190,34,68.2,0
90,200,34,69.93,0
90,210,35,71.72,0
90,220,37,73.54,0
90,230,38,75.15,0
90,240,38,76.67,0
90,250,40,78.19,0
90,260,41,79.72,0
90,270,42,80.78,0
90,280,42,82.1,0
90,290,42,83.47,0
90,300,42,84.72,0
90,310,42,86.0,0
90,320,42,87.22,0
90,330,42,88.41,0
90,340,42,89.03,0
90,350,42,89.57,0
90,360,42,90.08,0
90,370,43,90.83,0
90,380,43,91.58,0
90,390,43,92.4,0
90,400,43,93.22,0
90,410,43,93.88,0
90,420,43,94.21,0
90,430,43,94.58,0
90,440,43,95.04,0
90,450,43,95.59,0
90,460,43,96.11,0
90,470,43,96.5,0
90,480,43,96.73,0
90,490,43,97.09,0
90,500,43,97.56,0
90,510,43,97.97,0
90,520,43,98.22,0
90,530,43,98.38,0
90,540,43,98.64,0
90,550,43,98.94,0
90,560,43,98.98,0
90,570,43,99.0,0
90,580,43,99.08,0
90,590,43,99.1,0
90,600,43,99.11,0
90,610,43,99.15,0
90,620,43,99.18,0
90,630,43,99.18,0
90,640,43,99.19,0
90,650,43,99.23,0
90,660,43,99.28,0
90,670,43,99.28,0
90,680,43,99.29,0
90,690,43,99.29,0
90,700,43,99.29,0
90,710,43,99.3,0
90,720,43,99.3,0
90,730,43,99.31,0
90,740,43,99.32,0
90,750,43,99.32,0
90,760,43,99.32,0
90,770,43,99.32,0
90,780,43,99.32,0
90,790,43,99.32,0
90,800,43,99.34,0
90,810,43,99.34,0
90,820,43,99.36,0
90,830,43,99.36,1
90,840,43,99.36,1
90,850,43,99.36,1
90,860,43,99.38,1
90,870,43,99.4,1
90,880,43,99.41,1
90,890,43,99.41,1
90,900,43,99.41,1
90,910,43,99.41,1
90,920,43,99.41,1
90,930,43,99.41,1
90,940,43,99.41,1
90,950,43,99.41,1
90,960,43,99.41,1
90,970,43,99.42,1
90,980,43,99.47,1
90,990,43,99.47,1
90,1000,43,99.47,1
90,1010,43,99.47,1
90,1020,43,99.57,1
90,1030,43,99.67,1
90,1040,43,99.69,1
90,1050,43,99.7,1
90,1060,43,99.7,1
90,1070,43,99.7,1
90,1080,43,99.7,1
90,1090,43,99.7,1
90,1100,43,99.7,1
90,1110,43,99.7,1
90,1120,43,99.7,1
90,1130,43,99.7,1
90,1140,43,99.7,1
90,1150,43,99.7,1
90,1160,43,99.7,1
90,1170,43,99.7,1
90,1180,43,99.7,1
90,1190,43,99.7,1
90,1200,43,99.7,1
90,1210,43,99.7,1
90,1220,43,99.7,1
90,1230,43,99.7,1
90,1240,43,99.7,1
90,1250,43,99.7,1
90,1260,43,99.7,2
90,1270,43,99.7,2
90,1280,43,99.7,2
90,1290,43,99.7,2
90,1300,43,99.7,2
90,1310,43,99.7,2
90,1320,43,99.7,2
90,1330,43,99.7,2
90,1340,43,99.7,2
90,1350,43,99.7,2
90,1360,43,99.7,2
90,1370,43,99.7,2
90,1380,43,99.7,2
90,1390,43,99.7,3
90,1400,43,99.7,3
90,1410,43,99.7,4
90,1420,43,99.7,4
90,1430,43,99.7,4
90,1440,43,99.7,4
90,1450,43,99.7,4
90,1460,43,99.7,4
90,1470,43,99.7,4
90,1480,43,99.7,5
90,1490,43,99.7,5
90,1500,43,99.7,5
90,1510,43,99.7,6
90,1520,43,99.7,7
90,1530,43,99.7,7
90,1540,43,99.7,7
90,1550,43,99.7,7
90,1560,43,99.7,7
90,1570,43,99.7,7
90,1580,43,99.7,7
90,1590,43,99.7,7
90,1600,43,99.7,7
90,1610,43,99.7,7
90,1620,43,99.7,7
90,1630,43,99.7,7
90,1640,43,99.7,7
90,1650,43,99.7,7
90,1660,43,99.7,7
90,1670,43,99.7,8
90,1680,43,99.7,9
90,1690,43,99.7,9
90,1700,43,99.7,9
90,1710,43,99.7,9
90,1720,43,99.7,9
90,1730,43,99.7,9
90,1740,43,99.7,9
90,1750,43,99.7,9
90,1760,43,99.7,9
90,1770,43,99.7,9
90,1780,43,99.7,9
90,1790,43,99.7,9
90,1800,43,99.7,9
90,1810,43,99.7,9
90,1820,43,99.7,9
90,1830,43,99.7,9
90,1840,43,99.7,9
90,1850,43,99.7,9
90,1860,43,99.7,10
90,1870,43,99.7,10
90,1880,43,99.7,11
90,1890,43,99.7,11
90,1900,43,99.7,11
90,1910,43,99.7,11
90,1920,43,99.7,12
90,1930,43,99.7,13
90,1940,43,99.7,13
90,1950,43,99.7,13
90,1960,43,99.7,13
90,1970,43,99.7,13
90,1980,43,99.7,13
90,1990,43,99.7,13
90,2000,43,99.7,13
91,10,1,8.58,0
91,20,4,14.17,0
91,30,8,19.43,0
91,40,8,24.12,0
91,50,10,28.12,0
91,60,11,31.9,0
91,70,12,35.75,0
91,80,14,38.97,0
91,90,18,41.84,0
91,100,20,44.76,0
91,110,22,46.92,0
91,120,22,49.48,0
91,130,24,52.24,0
91,140,27,54.94,0
91,150,29,57.44,0
91,160,31,60.45,0
91,170,31,63.38,0
91,180,31,66.29,0
91,190,32,68.46,0
91,200,32,70.03,0
91,210,32,71.6,0
91,220,32,73.29,0
91,230,32,74.95,0
91,240,32,76.62,0
91,250,32,78.25,0
91,260,34,79.42,0
91,270,35,80.75,0
91,280,35,81.99,0
91,290,36,83.6,0
91,300,36,84.49,0
91,310,36,85.26,0
91,320,36,85.94,0
91,330,37,87.09,0
91,340,38,88.18,0
91,350,38,89.14,0
91,360,38,89.99,0
91,370,39,90.87,0
91,380,39,91.55,0
91,390,39,92.06,0
91,400,39,92.81,0
91,410,39,93.62,0
91,420,40,94.58,0
91,430,40,95.16,0
91,440,40,95.49,0
91,450,40,95.93,0
91,460,40,96.49,0
91,470,40,96.94,0
91,480,40,97.44,0
91,490,40,97.77,0
91,500,40,97.98,0
91,510,40,98.2,0
91,520,40,98.36,0
91,530,40,98.48,0
91,540,40,98.62,0
91,550,41,98.78,0
91,560,42,98.95,0
91,570,42,98.97,0
91,580,44,99.05,0
91,590,44,99.17,0
91,600,44,99.23,0
91,610,44,99.37,0
91,620,44,99.49,0
91,630,44,99.58,0
91,640,44,99.63,0
91,650,44,99.73,0
91,660,44,99.84,0
91,670,44,99.86,0
91,680,44,99.86,0
91,690,44,99.88,0
91,700,44,99.88,0
91,710,44,99.88,0
91,720,44,99.88,0
91,730,44,99.88,0
91,740,44,99.88,0
91,750,44,99.89,0
91,760,44,99.89,0
91,770,44,99.89,0
91,780,44,99.89,0
91,790,44,99.89,0
91,800,44,99.89,0
91,810,44,99.89,0
91,820,44,99.89,0
91,830,44,99.89,0
91,840,44,99.89,0
91,850,44,99.89,0
91,860,44,99.89,0
91,870,44,99.89,0
91,880,44,99.89,0
91,890,44,99.89,0
91,900,44,99.89,0
91,910,44,99.89,0
91,920,44,99.89,0
91,930,44,99.89,0
91,940,44,99.89,0
91,950,44,99.89,0
91,960,44,99.89,0
91,970,44,99.89,0
91,980,44,99.89,0
92,10,2,9.19,0
92,20,5,15.22,0
92,30,8,20.09,0
92,40,13,25.31,0
92,50,15,30.06,0
92,60,17,33.78,0
92,70,19,37.87,0
92,80,22,42.0,0
92,90,29,45.03,0
92,100,32,47.37,0
92,110,33,49.94,0
92,120,33,51.86,0
92,130,34,53.79,0
92,140,34,55.88,0
92,150,35,58.04,0
92,160,35,60.04,0
92,170,36,62.75,0
92,180,36,65.54,0
92,190,39,67.32,0
92,200,39,69.18,0
92,210,39,70.9,0
92,220,40,73.18,0
92,230,40,75.74,0
92,240,40,77.85,0
92,250,40,79.06,0
92,260,40,80.45,0
92,270,40,82.19,0
92,280,41,83.65,0
92,290,42,84.97,0
92,300,42,86.07,0
92,310,42,87.25,0
92,320,42,87.89,0
92,330,43,88.98,0
92,340,43,89.73,0
92,350,44,90.66,0
92,360,44,91.88,0
92,370,44,92.88,0
92,380,44,93.66,0
92,390,44,94.2,0
92,400,44,94.72,0
92,410,44,95.28,0
92,420,44,95.69,0
92,430,44,96.02,0
92,440,44,96.38,0
92,450,44,96.6,0
92,460,44,96.81,0
92,470,44,97.06,0
92,480,44,97.33,0
92,490,44,97.82,0
92,500,44,98.22,0
92,510,44,98.45,0
92,520,44,98.61,0
92,530,44,98.78,0
92,540,44,98.98,0
92,550,44,99.02,0
92,560,44,99.26,0
92,570,44,99.33,0
93,10,3,8.48,0
93,20,3,14.07,0
93,30,6,18.85,0
93,40,8,23.73,0
93,50,9,28.07,0
93,60,15,31.68,0
93,70,15,35.12,0
93,80,17,38.09,0
93,90,18,41.02,0
93,100,25,44.13,0
93,110,26,47.09,0
93,120,27,49.66,0
93,130,28,51.55,1
93,140,28,53.32,1
93,150,30,56.21,1
93,160,31,58.72,1
93,170,31,61.13,1
93,180,35,63.4,1
93,190,36,65.33,1
93,200,36,66.71,1
93,210,36,68.17,1
93,220,38,69.44,1
93,230,41,71.74,1
93,240,41,73.73,1
93,250,41,75.5,1
93,260,41,77.04,1
93,270,41,77.94,1
93,280,41,79.34,1
93,290,41,80.47,1
93,300,41,81.85,1
93,310,41,83.17,1
93,320,41,84.34,1
93,330,41,85.39,1
93,340,41,86.18,1
93,350,42,86.98,1
93,360,42,88.02,1
93,370,42,89.15,1
93,380,42,89.88,1
93,390,42,90.33,1
93,400,42,90.86,1
93,410,42,91.37,1
93,420,42,91.62,1
93,430,42,91.9,1
93,440,42,92.43,1
93,450,42,93.03,1
93,460,42,93.58,1
93,470,42,94.07,1
93,480,42,94.34,1
93,490,42,94.73,1
93,500,42,95.22,1
93,510,42,95.69,1
93,520,42,96.29,1
93,530,42,96.7,1
93,540,42,97.03,1
93,550,42,97.37,1
93,560,43,97.73,1
93,570,43,97.89,1
93,580,43,98.07,1
93,590,43,98.22,1
93,600,43,98.36,1
93,610,43,98.41,1
93,620,43,98.45,1
93,630,43,98.47,1
93,640,43,98.5,1
93,650,43,98.53,1
93,660,43,98.56,1
93,670,43,98.6,1
93,680,43,98.75,1
93,690,43,98.87,1
93,700,43,99.0,1
93,710,43,99.09,1
94,10,3,9.39,0
94,20,4,15.82,0
94,30,7,21.75,0
94,40,7,26.06,0
94,50,9,30.21,0
94,60,10,33.56,0
94,70,13,36.66,0
94,80,17,40.07,0
94,90,22,43.52,0
94,100,27,46.31,0
94,110,30,48.62,0
94,120,31,50.95,0
94,130,31,53.09,0
94,140,33,55.51,0
94,150,33,57.51,0
94,160,33,59.77,0
94,170,37,61.99,0
94,180,37,64.15,0
94,190,39,66.31,0
94,200,39,68.21,0
94,210,39,70.23,0
94,220,39,72.19,0
94,230,40,74.17,0
94,240,40,75.74,0
94,250,40,77.64,0
94,260,40,79.46,0
94,270,41,80.86,0
94,280,41,82.46,0
94,290,43,84.55,0
94,300,43,86.32,0
94,310,43,87.99,0
94,320,44,89.26,0
94,330,44,90.32,0
94,340,44,91.41,0
94,350,44,92.49,0
94,360,44,93.45,0
95,10,5,9.39,0
95,20,6,16.01,0
95,30,9,22.55,0
95,40,12,27.7,0
95,50,14,32.11,0
95,60,14,35.93,0
95,70,15,39.55,0
95,80,16,42.55,0
95,90,16,45.56,0
95,100,16,48.12,0
95,110,17,50.57,0
95,120,17,52.87,0
95,130,21,55.07,0
95,140,22,56.9,0
95,150,23,58.59,0
95,160,24,60.53,0
95,170,24,62.86,0
95,180,27,65.27,0
95,190,27,67.34,0
95,200,27,69.03,0
95,210,27,70.47,0
95,220,27,72.2,0
95,230,29,73.96,0
95,240,31,75.83,0
95,250,33,77.89,0
95,260,33,79.61,0
95,270,34,81.23,0
95,280,34,82.44,0
95,290,34,83.66,0
95,300,34,85.05,0
95,310,35,86.29,0
95,320,35,87.41,0
95,330,35,88.17,0
95,340,36,88.83,0
95,350,36,89.52,0
95,360,36,90.29,0
95,370,36,91.02,0
95,380,37,91.72,0
95,390,37,92.11,0
95,400,37,92.66,0
95,410,37,93.2,0
95,420,38,93.71,0
95,430,38,94.34,0
95,440,39,95.12,1
95,450,39,95.6,1
95,460,39,95.97,1
95,470,39,96.4,1
95,480,39,96.86,1
95,490,39,97.17,1
95,500,39,97.45,1
95,510,39,97.66,1
95,520,39,97.82,1
95,530,39,97.95,1
95,540,39,98.17,1
95,550,39,98.38,1
95,560,39,98.61,1
95,570,39,98.7,1
95,580,39,98.76,1
95,590,39,98.77,1
95,600,39,98.82,1
95,610,39,98.95,1
95,620,39,99.07,1
95,630,39,99.16,1
95,640,39,99.22,1
95,650,39,99.25,1
95,660,39,99.26,1
95,670,39,99.28,1
95,680,39,99.29,1
95,690,39,99.3,1
95,700,39,99.3,1
95,710,39,99.32,1
95,720,39,99.32,1
95,730,39,99.32,1
95,740,39,99.32,1
95,750,39,99.32,1
95,760,39,99.32,1
95,770,39,99.32,1
95,780,39,99.32,1
95,790,39,99.32,1
95,800,39,99.32,1
95,810,39,99.36,1
95,820,39,99.38,1
95,830,39,99.4,1
95,840,39,99.45,1
95,850,39,99.48,1
95,860,40,99.58,1
95,870,40,99.58,1
95,880,40,99.59,1
95,890,40,99.59,1
95,900,40,99.59,1
95,910,40,99.59,1
95,920,40,99.59,1
95,930,40,99.6,2
95,940,40,99.61,2
95,950,40,99.61,2
95,960,40,99.61,2
95,970,40,99.62,2
95,980,40,99.62,2
95,990,40,99.62,2
95,1000,40,99.62,2
95,1010,40,99.62,2
95,1020,40,99.64,2
95,1030,40,99.65,2
95,1040,40,99.67,2
95,1050,40,99.67,2
95,1060,40,99.69,2
95,1070,40,99.69,2
95,1080,40,99.69,2
95,1090,40,99.69,2
95,1100,40,99.69,2
95,1110,40,99.69,2
95,1120,40,99.69,2
95,1130,40,99.69,2
95,1140,40,99.69,2
95,1150,40,99.69,2
95,1160,40,99.69,2
95,1170,40,99.69,2
95,1180,40,99.69,3
95,1190,40,99.69,3
95,1200,40,99.69,4
95,1210,40,99.69,4
95,1220,40,99.69,5
95,1230,40,99.69,6
95,1240,40,99.69,6
95,1250,40,99.69,6
95,1260,40,99.69,6
95,1270,40,99.69,6
95,1280,40,99.69,6
95,1290,40,99.69,6
95,1300,40,99.69,6
95,1310,40,99.69,6
95,1320,40,99.69,6
95,1330,40,99.69,7
95,1340,40,99.69,7
95,1350,40,99.69,7
95,1360,40,99.69,7
95,1370,40,99.69,7
95,1380,40,99.69,7
95,1390,40,99.69,7
95,1400,40,99.69,7
95,1410,40,99.69,7
95,1420,40,99.69,7
95,1430,40,99.69,7
95,1440,40,99.69,7
95,1450,40,99.69,7
95,1460,40,99.69,7
95,1470,40,99.69,7
95,1480,40,99.69,7
95,1490,40,99.69,7
95,1500,40,99.69,7
95,1510,40,99.69,7
95,1520,40,99.69,7
95,1530,40,99.69,8
95,1540,40,99.69,8
95,1550,40,99.69,9
95,1560,40,99.69,9
95,1570,40,99.69,9
95,1580,40,99.69,9
95,1590,40,99.69,9
95,1600,40,99.69,9
95,1610,40,99.69,9
95,1620,40,99.69,9
95,1630,40,99.69,9
95,1640,40,99.69,10
95,1650,40,99.69,11
95,1660,40,99.69,11
95,1670,40,99.69,11
95,1680,40,99.69,11
95,1690,40,99.69,11
95,1700,40,99.69,11
95,1710,40,99.69,11
95,1720,40,99.69,11
95,1730,40,99.69,11
95,1740,40,99.69,11
95,1750,40,99.69,11
95,1760,40,99.69,11
95,1770,40,99.69,11
95,1780,40,99.69,11
95,1790,40,99.69,11
95,1800,40,99.69,13
95,1810,40,99.69,14
95,1820,40,99.69,15
95,1830,40,99.69,15
95,1840,40,99.69,15
95,1850,40,99.69,15
95,1860,40,99.69,15
95,1870,40,99.69,15
95,1880,40,99.69,15
95,1890,40,99.69,15
95,1900,40,99.69,15
95,1910,40,99.69,15
95,1920,40,99.69,15
95,1930,40,99.69,15
95,1940,40,99.69,16
95,1950,40,99.69,16
95,1960,40,99.69,16
95,1970,40,99.69,16
95,1980,40,99.69,16
95,1990,40,99.69,16
95,2000,40,99.69,17
96,10,2,8.25,0
96,20,3,13.66,0
96,30,7,18.82,0
96,40,8,24.01,0
96,50,11,28.5,0
96,60,17,32.92,0
96,70,19,36.8,0
96,80,20,40.62,0
96,90,20,43.82,0
96,100,21,46.91,0
96,110,22,50.32,0
96,120,24,53.6,0
96,130,25,55.98,0
96,140,25,58.26,0
96,150,26,60.5,0
96,160,26,62.76,0
96,170,26,64.72,0
96,180,27,66.84,0
96,190,27,68.65,0
96,200,27,70.34,0
96,210,27,72.0,0
96,220,28,73.51,0
96,230,29,75.29,0
96,240,30,77.21,0
96,250,31,78.98,0
96,260,36,80.61,0
96,270,37,81.96,0
96,280,38,83.06,0
96,290,38,84.02,0
96,300,38,85.05,0
96,310,39,85.96,0
96,320,39,86.96,0
96,330,39,87.91,0
96,340,39,88.77,0
96,350,39,89.75,0
96,360,40,90.8,0
96,370,40,91.72,0
96,380,40,92.58,0
96,390,41,93.26,0
96,400,42,94.01,0
96,410,42,94.46,0
96,420,43,94.94,0
96,430,43,95.41,0
96,440,43,95.88,0
96,450,43,96.41,0
96,460,43,96.8,0
96,470,43,97.12,0
96,480,44,97.56,0
96,490,44,98.02,0
96,500,44,98.19,0
96,510,44,98.48,0
96,520,44,98.82,0
96,530,44,98.91,0
97,10,2,8.65,0
97,20,2,14.32,0
97,30,4,19.61,0
97,40,5,24.14,0
97,50,5,28.1,0
97,60,7,31.57,0
97,70,10,34.03,0
97,80,16,36.98,0
97,90,16,40.31,0
97,100,18,43.23,0
97,110,23,45.55,0
97,120,27,47.73,0
97,130,28,49.99,0
97,140,31,52.1,0
97,150,32,53.85,0
97,160,34,56.12,0
97,170,34,58.16,0
97,180,34,59.86,0
97,190,34,61.72,0
97,200,34,63.6,0
97,210,35,65.36,0
97,220,37,66.92,0
97,230,37,68.22,0
97,240,38,70.22,0
97,250,39,71.86,0
97,260,39,73.43,0
97,270,39,75.37,0
97,280,40,76.62,0
97,290,40,78.02,0
97,300,40,79.47,0
97,310,40,80.98,0
97,320,40,82.27,0
97,330,40,83.3,0
97,340,40,84.18,0
97,350,40,85.22,0
97,360,40,86.15,0
97,370,40,87.17,0
97,380,42,88.48,0
97,390,42,89.59,0
97,400,42,90.44,0
97,410,42,91.27,0
97,420,42,91.98,0
97,430,42,92.52,0
97,440,43,93.23,0
97,450,43,93.59,0
97,460,43,94.09,0
97,470,43,94.35,0
97,480,43,94.61,0
97,490,43,94.91,0
97,500,43,95.22,0
97,510,43,95.43,0
97,520,43,95.65,0
97,530,43,95.95,0
97,540,44,96.1,0
97,550,44,96.5,0
97,560,44,96.65,0
97,570,44,96.97,0
98,10,1,8.97,0
98,20,1,15.25,0
98,30,3,21.32,0
98,40,4,26.26,0
98,50,6,30.29,0
98,60,7,34.02,0
98,70,7,37.19,0
98,80,13,40.88,0
98,90,15,43.55,0
98,100,18,46.26,0
98,110,18,49.07,0
98,120,19,51.59,0
98,130,21,53.23,0
98,140,23,55.23,0
98,150,26,57.57,0
98,160,26,59.85,0
98,170,28,62.19,0
98,180,30,64.56,0
98,190,32,66.44,0
98,200,32,68.31,0
98,210,32,69.93,0
98,220,32,71.52,0
98,230,33,73.73,0
98,240,33,75.31,0
98,250,35,77.36,0
98,260,37,79.29,0
98,270,37,80.63,0
98,280,38,81.24,0
98,290,38,82.31,0
98,300,38,83.49,0
98,310,38,84.8,0
98,320,38,85.9,0
98,330,38,86.71,0
98,340,39,87.72,0
98,350,40,88.58,0
98,360,40,89.6,0
98,370,40,90.37,0
98,380,40,91.27,0
98,390,41,91.86,0
98,400,41,92.49,0
98,410,42,93.23,0
98,420,42,93.97,0
98,430,42,94.75,0
98,440,43,95.54,0
98,450,43,96.2,0
98,460,43,96.71,0
98,470,43,97.32,0
98,480,43,97.74,0
98,490,43,98.13,0
98,500,43,98.22,0
98,510,43,98.3,0
98,520,43,98.47,0
98,530,43,98.72,0
98,540,43,98.98,0
98,550,44,99.15,0
98,560,44,99.35,0
98,570,44,99.44,0
98,580,44,99.52,0
98,590,44,99.53,0
98,600,44,99.54,0
98,610,44,99.54,0
98,620,44,99.54,0
98,630,44,99.56,0
98,640,44,99.56,0
98,650,44,99.56,0
98,660,44,99.57,0
98,670,44,99.61,0
98,680,44,99.65,0
98,690,44,99.65,0
98,700,44,99.65,0
98,710,44,99.65,0
98,720,44,99.7,0
98,730,44,99.7,0
98,740,44,99.73,0
98,750,44,99.78,0
98,760,44,99.78,0
98,770,44,99.78,0
98,780,44,99.81,0
98,790,44,99.81,0
98,800,44,99.81,0
98,810,44,99.82,0
98,820,44,99.82,0
98,830,44,99.82,0
98,840,44,99.82,0
98,850,44,99.82,0
98,860,44,99.83,0
98,870,44,99.84,0
98,880,44,99.84,0
98,890,44,99.84,0
98,900,44,99.84,0
98,910,44,99.84,0
98,920,44,99.84,0
98,930,44,99.84,0
98,940,44,99.84,1
98,950,44,99.84,1
98,960,44,99.84,1
98,970,44,99.84,1
98,980,44,99.84,1
98,990,44,99.84,1
98,1000,44,99.84,1
98,1010,44,99.84,1
98,1020,44,99.84,1
98,1030,44,99.84,1
98,1040,44,99.84,1
98,1050,44,99.84,1
98,1060,44,99.84,1
98,1070,44,99.84,1
98,1080,44,99.84,1
98,1090,44,99.84,1
98,1100,44,99.84,1
98,1110,44,99.84,1
98,1120,44,99.84,2
98,1130,44,99.84,3
98,1140,44,99.84,3
98,1150,44,99.84,3
99,10,3,8.95,0
99,20,6,14.95,0
99,30,6,20.17,0
99,40,7,24.4,0
99,50,10,27.69,0
99,60,14,30.99,0
99,70,17,34.24,0
99,80,21,37.74,0
99,90,21,40.63,0
99,100,21,43.45,0
99,110,22,46.61,0
99,120,22,49.05,0
99,130,26,52.14,0
99,140,26,55.2,0
99,150,30,58.05,0
99,160,31,60.25,0
99,170,31,62.13,0
99,180,33,64.46,0
99,190,34,66.9,0
99,200,34,68.71,0
99,210,35,70.91,0
99,220,37,72.81,0
99,230,38,74.71,0
99,240,39,76.52,0
99,250,39,78.14,0
99,260,39,79.57,0
99,270,39,80.91,0
99,280,39,81.73,0
99,290,39,82.94,0
99,300,40,83.97,0
99,310,40,85.04,0
99,320,41,85.91,0
99,330,42,86.97,0
99,340,43,87.47,0
99,350,43,88.35,0
99,360,43,89.64,0
99,370,43,90.98,0
99,380,43,92.04,0
99,390,43,92.58,0
99,400,44,93.16,0
99,410,44,93.91,0
99,420,44,94.77,0
99,430,44,95.21,0
99,440,44,95.49,0
99,450,44,95.98,0
99,460,44,96.33,0
99,470,44,96.47,0
99,480,44,96.83,0
99,490,44,97.1,0
