seed,tick,n_active,n_changed,to_relay,from_relay,from_loiter,W_eq,W_best,welfare_gap_per_robot,efficiency,plateau_gain
1,100,12,6,4,2,0,2.538,108.978,9.7195,-8.7195,0.0
1,200,12,10,4,4,0,143.158,197.71,0.3552,0.6448,0.0
1,300,12,10,4,2,0,-6.968,9.962,1.8962,-0.8962,0.0
1,450,12,9,5,1,1,87.542,208.472,1.0649,-0.0649,0.0
1,600,10,4,2,1,1,204.039,213.685,0.0449,0.9551,0.0
1,800,8,4,2,1,0,14.744,23.518,0.5753,0.4247,0.0
1,1200,5,2,0,1,0,11.666,14.144,0.1868,0.8132,0.0
1,1600,5,5,0,2,0,5.382,7.864,0.3555,0.6445,0.0
1,2000,5,4,2,1,0,2.422,4.89,0.6127,0.3873,0.0
2,100,12,12,2,6,0,42.923,56.439,0.221,0.779,0.0
2,200,12,8,1,3,0,47.185,61.348,0.2435,0.7565,0.0
2,300,12,6,2,1,1,104.489,247.23,1.2285,-0.2285,0.0
2,450,12,6,1,1,0,-2.716,7.896,1.1339,-0.1339,0.0
2,600,11,8,2,0,0,-1.679,6.835,0.8308,0.1692,0.0
2,800,10,0,0,0,0,55.178,55.178,0.0,1.0,0.0
2,1200,7,3,0,0,0,4.903,7.037,0.4353,0.5647,0.0
2,1600,5,1,0,1,0,21.247,29.368,0.3671,0.6329,0.0
2,2000,4,2,0,1,0,15.686,17.116,0.0911,0.9089,0.0
3,100,11,9,4,4,0,48.789,72.407,0.3736,0.6264,0.0
3,200,11,5,2,2,0,55.014,109.024,0.8517,0.1483,0.0
3,300,11,7,3,3,0,52.778,63.729,0.1751,0.8249,0.0
3,450,11,6,3,2,0,48.927,57.303,0.1538,0.8462,0.0
3,600,10,5,2,1,0,-0.309,5.371,0.6927,0.3073,0.0
3,800,7,3,2,1,0,53.74,57.592,0.0715,0.9285,0.0
3,1200,6,1,1,0,0,3.899,7.216,0.4397,0.5603,0.0
3,1600,4,2,0,2,0,3.913,7.296,0.4757,0.5243,0.0
3,2000,3,2,1,0,0,10.149,10.392,0.0239,0.9761,0.0
4,100,12,10,4,4,0,48.668,64.679,0.2592,0.7408,0.0
4,200,12,12,5,4,0,102.168,296.344,1.793,-0.793,0.0
4,300,12,8,4,3,0,158.201,254.726,0.5894,0.4106,0.0
4,450,11,8,4,0,0,247.447,259.988,0.0486,0.9514,0.0
4,600,9,4,2,1,0,6.856,11.35,0.4111,0.5889,0.0
4,800,6,3,0,1,0,5.956,7.091,0.1502,0.8498,0.0
4,1200,5,1,0,1,0,60.875,61.316,0.007,0.993,0.0
4,1600,5,0,0,0,0,18.758,18.758,0.0,1.0,0.0
4,2000,5,2,0,0,0,16.483,20.948,0.2554,0.7446,0.0
5,100,12,9,3,5,0,50.59,145.487,1.4927,-0.4927,0.0
5,200,12,5,1,1,0,99.187,108.01,0.0839,0.9161,0.0
5,300,12,8,5,2,1,-1.367,15.203,2.0095,-1.0095,0.0
5,450,12,10,5,2,2,48.753,61.195,0.205,0.795,0.0
5,600,11,6,3,2,1,48.25,58.244,0.1826,0.8174,0.0
5,800,7,4,3,1,0,-1.13,9.45,1.2401,-0.2401,0.13707
5,1200,4,1,0,1,0,9.203,9.424,0.0226,0.9774,0.0
5,1600,4,2,1,0,0,15.037,17.128,0.1346,0.8654,0.0
5,2000,4,2,1,0,0,6.768,8.356,0.2211,0.7789,0.0
6,100,12,8,3,3,0,99.683,153.444,0.4974,0.5026,0.0
6,200,12,7,2,1,0,44.179,99.423,0.9542,0.0458,0.0
6,300,12,8,2,2,0,53.978,152.274,1.5479,-0.5479,0.0
6,450,12,7,2,2,0,-1.417,106.512,9.1628,-8.1628,0.0
6,600,11,5,2,2,0,-3.477,102.553,12.7244,-11.7244,0.0
6,800,8,5,2,2,0,49.565,153.76,1.8483,-0.8483,0.0
6,1200,5,1,0,0,0,24.768,25.322,0.0224,0.9776,0.0
6,1600,3,2,0,1,0,0.976,4.004,3.1016,-2.1016,0.0
6,2000,3,1,0,0,0,13.351,16.841,0.2614,0.7386,0.0
7,100,12,7,1,6,0,47.158,58.99,0.1733,0.8267,0.0
7,200,12,7,4,3,0,146.02,248.305,0.6327,0.3673,0.0
7,300,12,9,1,5,0,-3.265,47.375,5.5684,-4.5684,0.0
7,450,12,9,2,2,0,37.532,57.489,0.315,0.685,0.0
7,600,11,6,1,3,0,-1.114,52.482,6.3093,-5.3093,0.0
7,800,8,2,1,1,0,3.708,5.887,0.2802,0.7198,0.0
7,1200,7,3,0,1,0,24.412,30.499,0.234,0.766,0.0
7,1600,5,1,0,1,0,20.366,25.653,0.2596,0.7404,0.0
7,2000,5,2,0,0,0,73.612,73.791,0.0024,0.9976,0.0
8,100,12,6,1,3,0,6.38,15.013,0.5691,0.4309,0.0
8,200,11,7,2,4,0,117.754,239.222,0.9569,0.0431,0.0
8,300,11,9,3,3,1,-0.05,103.395,6.3065,-5.3065,0.0
8,450,11,6,3,1,2,6.718,16.804,0.7983,0.2017,0.0
8,600,11,7,4,1,1,-2.46,16.558,2.067,-1.067,0.0
8,800,10,5,2,0,0,0.544,11.908,1.3412,-0.3412,0.0
8,1200,6,2,0,2,0,68.233,75.849,0.1116,0.8884,0.0
8,1600,5,2,0,2,0,55.22,67.122,0.2155,0.7845,0.0
8,2000,5,2,0,2,0,66.119,88.489,0.3383,0.6617,0.0
9,100,12,9,5,2,0,15.667,74.462,3.0227,-2.0227,0.0
9,200,12,6,3,1,0,150.891,294.479,0.9228,0.0772,0.0
9,300,11,6,2,0,0,6.97,57.529,3.2272,-2.2272,0.02036
9,450,11,4,2,0,0,-3.464,6.16,1.0138,-0.0138,0.0
9,600,9,3,1,0,0,48.767,54.384,0.1025,0.8975,0.0
9,800,7,2,2,0,0,-1.077,1.877,0.4329,0.5671,0.0
9,1200,6,4,2,1,0,5.657,12.521,1.0777,-0.0777,0.0
9,1600,3,0,0,0,0,11.207,11.207,0.0,1.0,0.0
9,2000,3,2,0,2,0,5.173,11.005,0.5622,0.4378,0.0
10,100,12,9,5,3,0,1.975,20.607,1.7969,-0.7969,0.0
10,200,12,8,5,1,0,-1.607,16.954,1.6359,-0.6359,0.00159
10,300,12,9,6,1,1,-5.368,61.439,5.3889,-4.3889,0.0
10,450,12,8,4,2,0,-6.746,57.941,5.4475,-4.4475,0.0
10,600,9,5,1,2,0,47.032,51.728,0.0831,0.9169,0.0
10,800,9,7,4,0,0,44.887,56.893,0.2112,0.7888,0.0
10,1200,7,2,1,0,0,60.697,64.893,0.0667,0.9333,0.0
10,1600,6,2,1,0,0,123.767,127.17,0.0274,0.9726,0.0
10,2000,6,3,2,0,0,26.685,33.154,0.2088,0.7912,0.0
11,100,12,11,3,6,0,92.596,108.01,0.1405,0.8595,0.0
11,200,12,8,3,1,0,52.304,69.561,0.2927,0.7073,0.03416
11,300,12,5,3,1,0,49.768,143.954,1.6584,-0.6584,0.0
11,450,12,7,4,1,0,45.264,65.326,0.3103,0.6897,0.00174
11,600,10,3,3,0,1,52.128,66.015,0.2475,0.7525,0.0
11,800,8,6,3,1,0,49.396,60.375,0.1874,0.8126,0.0
11,1200,6,5,3,2,0,46.686,51.492,0.0945,0.9055,0.0
11,1600,4,3,1,1,0,7.607,13.524,0.7778,0.2222,0.0
11,2000,3,0,0,0,0,17.48,17.48,0.0,1.0,0.0
12,100,12,10,2,7,0,1.042,12.026,0.5885,0.4115,0.0
12,200,12,9,5,3,1,99.428,114.908,0.1445,0.8555,0.0
12,300,12,8,5,1,0,50.813,65.884,0.2578,0.7422,0.0
12,450,12,8,4,3,0,2.739,106.044,5.7065,-4.7065,0.0
12,600,12,6,2,2,1,2.598,9.428,0.5967,0.4033,0.0
12,800,8,4,1,1,1,50.017,50.584,0.0102,0.9898,0.0
12,1200,4,1,0,0,0,6.948,7.0,0.0075,0.9925,0.0
12,1600,4,1,0,0,0,6.208,9.153,0.4009,0.5991,0.0
12,2000,4,0,0,0,0,15.458,15.458,0.0,1.0,0.0
13,100,12,8,2,4,0,4.62,62.757,2.7976,-1.7976,0.0
13,200,12,6,2,2,0,246.203,255.679,0.0377,0.9623,0.0
13,300,12,6,3,1,0,2.597,58.626,4.0464,-3.0464,0.0
13,450,12,5,2,1,0,-4.036,7.608,1.4496,-0.4496,0.0
13,600,11,3,1,1,0,99.764,104.523,0.0451,0.9549,0.0
13,800,9,4,0,1,1,19.934,23.357,0.1167,0.8833,0.0
13,1200,7,2,1,0,0,31.093,39.386,0.2447,0.7553,0.0
13,1600,5,1,0,0,0,23.197,28.861,0.2148,0.7852,0.0
13,2000,5,2,0,0,0,27.153,30.779,0.1055,0.8945,0.0
14,100,12,9,5,3,0,53.373,76.487,0.3975,0.6025,0.0
14,200,12,7,4,2,0,104.128,210.73,0.9535,0.0465,0.0
14,300,12,8,5,2,1,93.871,151.828,0.5361,0.4639,0.0
14,450,12,6,3,1,0,5.765,19.493,0.7413,0.2587,0.0
14,600,10,7,3,2,0,47.04,149.33,1.833,-0.833,0.0
14,800,8,4,1,1,0,1.063,5.514,0.814,0.186,0.0
14,1200,4,1,0,0,0,59.176,59.418,0.004,0.996,0.0
14,1600,4,0,0,0,0,8.156,8.156,0.0,1.0,0.0
14,2000,3,1,0,1,0,68.679,78.827,0.1478,0.8522,0.0
15,100,12,9,1,6,0,45.032,55.377,0.1489,0.8511,0.0
15,200,12,6,3,0,0,152.095,163.601,0.0711,0.9289,0.0
15,300,12,7,3,2,1,99.248,109.838,0.0979,0.9021,0.0
15,450,12,9,2,2,1,-0.415,44.585,4.6631,-3.6631,0.0
15,600,11,6,4,2,0,49.185,51.137,0.0351,0.9649,0.0
15,800,9,4,3,0,1,11.486,15.052,0.2017,0.7983,0.0
15,1200,7,5,0,3,0,9.427,26.836,1.1451,-0.1451,0.0
15,1600,5,3,0,2,0,55.208,67.8,0.2018,0.7982,0.0
15,2000,4,0,0,0,0,20.587,20.587,0.0,1.0,0.0
16,100,12,12,4,4,0,44.484,66.852,0.4053,0.5947,0.0
16,200,12,9,4,3,0,43.762,105.857,0.9947,0.0053,0.0
16,300,12,9,5,3,0,45.064,101.124,0.9448,0.0552,0.00425
16,450,12,5,2,2,1,101.55,246.532,1.2517,-0.2517,0.0
16,600,10,7,4,2,1,46.492,59.373,0.2341,0.7659,0.0
16,800,9,4,2,1,0,58.561,72.814,0.2321,0.7679,0.0
16,1200,4,0,0,0,0,14.62,14.62,0.0,1.0,0.0
16,1600,3,1,0,0,0,7.553,12.256,0.6227,0.3773,0.0
16,2000,3,0,0,0,0,12.871,12.871,0.0,1.0,0.0
17,100,12,7,2,5,0,5.662,13.345,0.4927,0.5073,0.0
17,200,12,9,3,3,0,4.434,58.371,4.0301,-3.0301,0.0
17,300,12,7,5,1,0,151.776,262.223,0.6718,0.3282,0.0
17,450,11,7,4,0,2,-0.569,11.269,1.1733,-0.1733,0.0
17,600,11,8,5,1,2,-4.667,11.465,1.9974,-0.9974,0.0
17,800,7,5,2,0,0,3.673,15.387,1.1093,-0.1093,0.0
17,1200,6,2,1,0,0,15.829,26.303,0.606,0.394,0.0
17,1600,4,0,0,0,0,12.663,12.663,0.0,1.0,0.0
17,2000,4,1,1,0,0,12.204,14.239,0.1608,0.8392,0.0
18,100,12,8,1,6,0,47.439,100.857,0.7705,0.2295,0.0
18,200,12,6,4,2,0,6.171,65.683,5.426,-4.426,0.0
18,300,12,5,3,0,0,93.796,234.4,1.3974,-0.3974,0.0
18,450,12,10,5,0,0,96.1,337.533,2.3566,-1.3566,0.0
18,600,9,5,3,0,0,46.464,197.166,2.9005,-1.9005,0.0
18,800,8,5,2,1,0,28.92,151.691,4.1589,-3.1589,0.0
18,1200,7,1,1,0,0,117.123,119.341,0.0189,0.9811,0.0
18,1600,6,4,2,1,0,53.534,65.937,0.1997,0.8003,0.0
18,2000,6,1,0,0,0,29.98,30.245,0.0088,0.9912,0.0
19,100,12,10,3,5,0,89.754,120.242,0.2984,0.7016,0.0
19,200,12,10,4,2,1,47.963,148.871,1.6467,-0.6467,0.0
19,300,12,9,2,2,0,89.661,97.064,0.068,0.932,0.0
19,450,12,9,5,2,0,98.917,101.244,0.0213,0.9787,0.0
19,600,12,8,5,1,1,87.416,111.17,0.2155,0.7845,0.0
19,800,9,4,0,2,1,-2.808,2.89,0.4818,0.5182,0.0
19,1200,6,1,0,1,0,35.068,35.662,0.0166,0.9834,0.0
19,1600,5,2,0,0,0,37.945,40.943,0.079,0.921,0.0
19,2000,4,2,0,2,0,-2.892,-0.673,0.7674,0.2326,0.0
20,100,12,8,4,2,0,20.23,32.945,0.5427,0.4573,0.0
20,200,12,11,5,3,1,45.657,211.404,2.7292,-1.7292,0.0
20,300,12,9,6,2,1,41.862,68.059,0.4358,0.5642,0.0
20,450,12,8,4,3,1,96.406,107.372,0.099,0.901,0.0
20,600,10,9,2,3,0,-1.609,97.748,9.6877,-8.6877,0.0
20,800,8,2,1,1,0,0.494,4.929,0.5862,0.4138,0.0
20,1200,4,3,0,1,0,11.322,18.366,0.5908,0.4092,0.0
20,1600,4,3,0,2,0,6.816,9.135,0.2316,0.7684,0.0
20,2000,4,2,2,0,0,11.44,15.288,0.3244,0.6756,0.0
21,100,12,11,3,4,0,145.582,156.284,0.0681,0.9319,0.0
21,200,12,8,3,3,0,96.7,154.365,0.5433,0.4567,0.0
21,300,12,8,4,1,0,93.484,149.067,0.5276,0.4724,0.0
21,450,12,7,7,0,1,2.878,22.151,1.541,-0.541,0.0
21,600,11,6,2,1,1,-1.448,3.722,0.8473,0.1527,0.0
21,800,9,6,1,2,0,110.773,117.081,0.0569,0.9431,0.0
21,1200,7,5,1,2,0,58.017,63.595,0.0936,0.9064,0.0
21,1600,7,3,0,2,0,52.751,57.433,0.0887,0.9113,0.0
21,2000,7,3,0,2,0,51.011,55.351,0.0828,0.9172,0.0
22,100,12,10,3,4,0,-3.023,195.718,15.918,-14.918,0.0
22,200,12,10,2,4,0,91.84,144.886,0.4941,0.5059,0.0
22,300,12,9,5,1,2,-1.884,25.357,2.1369,-1.1369,0.0
22,450,12,7,5,1,1,-4.963,67.134,6.2006,-5.2006,0.0
22,600,10,7,3,0,1,-3.006,18.26,1.2832,-0.2832,0.0
22,800,10,7,5,1,1,45.191,124.82,1.2169,-0.2169,0.0
22,1200,5,3,0,2,0,13.709,20.11,0.3385,0.6615,0.0
22,1600,4,2,1,0,0,15.471,18.338,0.1853,0.8147,0.0
22,2000,4,1,0,1,0,11.113,18.666,0.4806,0.5194,0.0
23,100,12,8,4,4,0,54.431,64.351,0.1491,0.8509,0.0
23,200,12,10,6,2,2,197.482,293.011,0.4579,0.5421,0.0
23,300,11,7,3,2,0,2.877,51.267,3.7765,-2.7765,0.0
23,450,11,4,2,1,0,1.669,46.472,4.9846,-3.9846,0.0
23,600,9,4,1,1,0,-2.018,3.69,1.3412,-0.3412,0.0
23,800,7,3,3,0,0,7.164,13.715,0.7493,0.2507,0.0
23,1200,7,5,1,2,1,12.408,14.393,0.1065,0.8935,0.0
23,1600,4,1,0,0,0,25.601,26.866,0.0483,0.9517,0.0
23,2000,4,0,0,0,0,6.812,6.812,0.0,1.0,0.0
24,100,12,7,4,2,1,63.717,269.23,3.0001,-2.0001,0.0
24,200,12,9,4,3,0,192.274,206.034,0.066,0.934,0.0
24,300,12,5,3,0,1,146.487,157.248,0.0683,0.9317,0.0
24,450,11,5,3,1,0,-2.499,2.703,0.5585,0.4415,0.0
24,600,10,4,2,1,1,-0.891,0.459,0.1726,0.8274,0.0
24,800,6,0,0,0,0,0.666,0.666,0.0,1.0,0.0
24,1200,6,3,0,1,0,15.647,19.563,0.2478,0.7522,0.0
24,1600,3,2,2,0,0,3.058,8.38,1.7306,-0.7306,0.0
24,2000,3,3,0,2,0,4.016,13.769,1.7367,-0.7367,0.0
25,100,12,8,1,6,0,144.835,154.859,0.0618,0.9382,0.0
25,200,12,8,2,2,0,98.041,104.063,0.0566,0.9434,0.0
25,300,11,2,1,0,0,105.148,108.977,0.0354,0.9646,0.0
25,450,11,4,2,0,1,54.104,63.629,0.1569,0.8431,0.0
25,600,11,8,5,0,0,-16.9,63.119,3.9798,-2.9798,0.0
25,800,11,8,5,3,1,38.252,57.528,0.3796,0.6204,0.0
25,1200,7,5,5,0,0,-0.467,65.156,7.4293,-6.4293,0.0
25,1600,7,5,5,0,0,-7.224,15.059,1.6549,-0.6549,0.0
25,2000,7,4,3,0,0,-7.712,15.991,1.8264,-0.8264,0.0
26,100,12,7,3,2,1,1.523,67.206,5.1753,-4.1753,0.0
26,200,12,9,4,1,1,96.35,193.222,0.8764,0.1236,0.0
26,300,12,9,3,1,1,149.011,259.256,0.6956,0.3044,1e-05
26,450,12,5,2,1,0,49.688,149.636,1.6583,-0.6583,0.0
26,600,10,6,1,1,0,50.436,57.274,0.1186,0.8814,0.0
26,800,7,4,2,0,0,10.025,12.619,0.2588,0.7412,0.0
26,1200,4,1,0,1,0,9.229,10.025,0.0734,0.9266,0.0
26,1600,4,0,0,0,0,11.507,11.507,0.0,1.0,0.0
26,2000,4,2,0,1,0,5.844,7.57,0.2457,0.7543,0.0
27,100,12,10,4,5,0,0.508,23.888,1.6237,-0.6237,0.0
27,200,12,7,1,2,0,47.123,57.287,0.1711,0.8289,0.0
27,300,12,9,5,1,0,-5.921,55.152,4.6339,-3.6339,0.0
27,450,11,4,3,1,0,46.953,65.119,0.3193,0.6807,0.0
27,600,10,6,4,2,0,1.173,10.507,1.0953,-0.0953,0.0
27,800,8,4,2,1,0,2.741,10.071,1.0365,-0.0365,0.0
27,1200,8,4,4,0,1,10.363,17.993,0.6304,0.3696,0.0
27,1600,3,0,0,0,0,14.178,14.178,0.0,1.0,0.0
27,2000,3,0,0,0,0,23.653,23.653,0.0,1.0,0.0
28,100,12,8,3,4,0,202.967,252.919,0.2358,0.7642,0.0
28,200,12,8,4,3,1,253.592,262.94,0.0358,0.9642,0.0
28,300,12,7,3,2,0,-0.955,56.357,5.0836,-4.0836,0.0
28,450,12,8,3,2,1,-7.507,7.135,1.1678,-0.1678,0.0
28,600,10,5,3,1,0,44.175,52.85,0.1588,0.8412,0.0
28,800,9,5,1,1,0,48.026,98.878,0.9197,0.0803,0.0
28,1200,6,2,1,1,0,56.79,99.179,0.7238,0.2762,0.0
28,1600,6,3,1,1,0,11.175,55.709,3.3386,-2.3386,0.0
28,2000,6,3,1,1,0,58.736,98.355,0.6492,0.3508,0.0
29,100,12,8,3,4,0,47.629,57.89,0.1768,0.8232,0.0
29,200,12,9,5,3,1,151.706,249.894,0.5907,0.4093,0.0
29,300,12,9,5,1,1,-1.953,61.615,5.2623,-4.2623,0.0
29,450,12,7,3,1,1,46.792,102.866,0.9785,0.0215,0.0
29,600,11,6,5,1,0,1.927,16.258,1.6774,-0.6774,0.0
29,800,9,4,3,1,0,6.809,20.774,1.0575,-0.0575,0.0
29,1200,7,1,0,0,0,33.229,33.959,0.0219,0.9781,0.0
29,1600,6,2,0,0,0,28.949,33.169,0.1458,0.8542,0.0
29,2000,4,2,0,0,0,16.242,16.718,0.0291,0.9709,0.0
30,100,12,9,3,5,0,6.469,57.005,3.5415,-2.5415,0.0
30,200,12,7,2,4,0,105.13,106.345,0.0104,0.9896,0.0
30,300,12,9,4,2,2,42.5,151.651,1.87,-0.87,0.00085
30,450,12,9,8,0,1,-3.926,22.029,2.211,-1.211,0.0
30,600,10,5,3,2,0,1.232,9.5,1.1949,-0.1949,0.0
30,800,10,7,4,2,0,-1.639,10.354,2.0013,-1.0013,0.0
30,1200,7,2,2,0,0,1.178,8.137,1.4988,-0.4988,0.0
30,1600,5,3,2,0,0,4.494,10.348,0.7475,0.2525,0.0
30,2000,4,1,0,0,0,20.055,20.983,0.0463,0.9537,0.0
31,100,12,6,3,3,0,6.28,52.301,3.4662,-2.4662,0.0
31,200,12,7,2,3,0,47.849,55.811,0.1292,0.8708,0.0
31,300,12,9,3,4,0,94.804,105.568,0.0955,0.9045,0.0
31,450,12,4,1,3,0,-6.266,-1.17,0.4788,0.5212,0.0
31,600,11,8,3,3,1,-6.458,47.745,3.7702,-2.7702,0.0
31,800,7,4,1,1,0,7.248,10.701,0.3397,0.6603,0.0
31,1200,4,0,0,0,0,16.508,16.508,0.0,1.0,0.0
31,1600,4,1,1,0,0,4.42,6.951,0.5728,0.4272,0.0
31,2000,4,1,1,0,0,70.217,71.879,0.0237,0.9763,0.0
32,100,12,8,3,5,0,96.775,110.784,0.1274,0.8726,0.0
32,200,12,10,4,2,1,49.217,161.768,1.8303,-0.8303,0.0
32,300,12,7,6,1,0,148.166,220.061,0.4382,0.5618,0.0
32,450,12,7,1,2,0,-5.922,51.929,3.9248,-2.9248,0.0
32,600,9,4,1,1,1,100.877,102.347,0.0134,0.9866,0.0
32,800,8,5,3,1,0,4.275,10.126,0.8478,0.1522,0.0
32,1200,4,2,1,0,0,4.02,5.063,0.2232,0.7768,0.0
32,1600,4,3,1,0,0,17.09,26.422,0.546,0.454,0.0
32,2000,3,1,0,1,0,26.83,28.808,0.0737,0.9263,0.0
33,100,12,5,2,2,0,52.438,108.865,0.9729,0.0271,0.0
33,200,11,5,2,1,0,4.098,14.568,1.2463,-0.2463,0.0
33,300,11,9,5,3,0,50.101,75.716,0.4355,0.5645,0.0
33,450,11,8,3,2,1,-1.713,11.919,1.3733,-0.3733,0.00415
33,600,9,3,2,1,0,11.374,20.415,0.6499,0.3501,0.0
33,800,8,5,2,1,1,1.385,9.104,1.4353,-0.4353,0.0
33,1200,5,2,0,0,0,5.351,8.29,0.3294,0.6706,0.0
33,1600,4,2,2,0,0,12.763,18.483,0.4482,0.5518,0.0
33,2000,4,4,2,1,0,2.922,9.041,1.6459,-0.6459,0.0
34,100,12,9,4,5,0,100.111,194.656,0.8445,0.1555,0.0
34,200,12,10,3,3,1,96.203,150.722,0.5292,0.4708,0.0
34,300,12,4,3,1,0,1.446,49.675,3.4049,-2.4049,0.0
34,450,11,8,4,2,1,-2.243,9.42,1.3355,-0.3355,0.0
34,600,9,5,3,1,0,52.848,62.407,0.1624,0.8376,0.0
34,800,9,5,2,0,0,64.966,69.482,0.0678,0.9322,0.0
34,1200,6,1,1,0,0,10.358,11.668,0.1264,0.8736,0.0
34,1600,3,2,2,0,0,15.325,20.676,0.3491,0.6509,0.0
34,2000,3,2,0,1,0,2.955,5.142,0.6149,0.3851,0.0
35,100,12,9,2,3,1,0.812,52.012,3.5041,-2.5041,0.0
35,200,12,5,3,1,0,11.443,23.529,0.739,0.261,0.0
35,300,12,7,3,2,0,103.544,153.649,0.4544,0.5456,0.0
35,450,11,5,4,1,0,102.197,162.726,0.5615,0.4385,0.0
35,600,10,5,2,0,0,52.857,108.109,0.9358,0.0642,0.0
35,800,8,2,2,0,0,8.825,60.062,4.8896,-3.8896,0.0
35,1200,7,2,2,0,0,11.367,58.564,3.7667,-2.7667,0.0
35,1600,5,2,0,1,0,15.466,16.343,0.0514,0.9486,0.0
35,2000,4,3,0,3,0,9.397,15.362,0.4735,0.5265,0.0
36,100,12,8,2,3,0,3.665,13.762,0.8183,0.1817,0.0
36,200,12,9,4,2,2,-2.931,153.192,26.6596,-25.6596,0.0
36,300,12,7,5,1,1,4.332,65.794,4.9848,-3.9848,0.0
36,450,12,6,3,1,1,1.016,62.216,4.7042,-3.7042,0.0
36,600,9,5,3,1,0,-2.74,59.548,4.4024,-3.4024,0.0
36,800,7,3,2,0,0,10.912,15.738,0.4312,0.5688,0.0
36,1200,6,2,1,0,0,5.36,7.787,0.3628,0.6372,0.0
36,1600,5,2,0,1,0,11.607,15.542,0.298,0.702,0.0
36,2000,4,0,0,0,0,21.619,21.619,0.0,1.0,0.0
37,100,12,8,1,5,1,-0.891,9.243,0.5419,0.4581,0.0
37,200,12,7,2,3,0,99.011,244.254,1.2834,-0.2834,0.0
37,300,12,9,4,3,1,149.815,302.777,0.9635,0.0365,0.0007
37,450,12,6,2,0,0,4.003,14.549,0.9325,0.0675,0.0
37,600,11,4,4,0,0,105.362,167.351,0.5419,0.4581,0.0
37,800,6,3,1,1,0,50.541,54.845,0.0761,0.9239,0.0
37,1200,5,2,1,0,0,2.613,10.789,1.2503,-0.2503,0.0
37,1600,4,3,0,1,0,7.293,9.101,0.229,0.771,0.0
37,2000,4,1,1,0,0,12.573,13.062,0.0372,0.9628,0.0
38,100,12,11,2,6,0,5.17,24.891,1.0966,-0.0966,0.0
38,200,12,7,4,3,0,14.168,122.635,6.879,-5.879,0.0
38,300,12,8,6,1,0,55.583,166.978,1.6207,-0.6207,0.0
38,450,11,5,4,1,0,6.928,118.708,9.069,-8.069,0.0
38,600,11,7,2,1,2,49.719,98.454,0.8253,0.1747,0.0
38,800,8,2,1,0,0,5.018,8.918,0.6782,0.3218,0.0
38,1200,7,1,1,0,0,1.47,5.437,0.9937,0.0063,0.0
38,1600,5,2,2,0,0,3.646,7.912,0.9046,0.0954,0.0
38,2000,5,2,1,0,0,12.135,19.005,0.5661,0.4339,0.0
39,100,12,8,3,5,0,54.17,101.502,0.711,0.289,0.0
39,200,12,8,4,1,0,151.066,200.015,0.305,0.695,0.0
39,300,12,7,4,1,0,98.02,200.892,0.9508,0.0492,0.0
39,450,12,7,5,2,1,92.983,158.011,0.566,0.434,0.0
39,600,10,6,2,1,0,45.972,50.453,0.0792,0.9208,0.0
39,800,9,6,1,1,0,4.341,5.475,0.1323,0.8677,0.0
39,1200,8,5,0,2,0,22.062,36.877,0.5865,0.4135,0.0
39,1600,6,3,0,1,0,38.092,43.35,0.1359,0.8641,0.0
39,2000,6,4,4,0,0,8.504,20.232,1.2971,-0.2971,0.0
40,100,12,9,2,6,0,97.736,105.501,0.0685,0.9315,0.0
40,200,12,6,1,2,0,7.97,54.465,2.3832,-1.3832,0.0
40,300,12,6,3,0,1,105.725,155.21,0.4419,0.5581,0.0
40,450,12,4,4,0,0,50.791,61.381,0.1803,0.8197,0.0
40,600,10,5,3,2,1,55.43,153.217,1.6459,-0.6459,0.0
40,800,8,2,1,0,0,50.604,50.744,0.0025,0.9975,0.0
40,1200,5,1,0,0,0,18.168,19.651,0.0816,0.9184,0.0
40,1600,4,0,0,0,0,18.962,18.962,0.0,1.0,0.0
40,2000,3,2,1,0,0,8.187,11.227,0.2934,0.7066,0.0
41,100,12,9,3,3,0,97.414,113.173,0.1464,0.8536,0.0
41,200,12,9,6,1,0,97.465,199.099,0.895,0.105,0.0
41,300,12,6,4,2,0,99.169,112.748,0.1269,0.8731,0.0
41,450,12,11,7,1,1,-19.475,97.846,6.0242,-5.0242,0.0
41,600,10,4,4,0,0,-7.241,-1.193,0.7637,0.2363,0.0
41,800,8,4,2,0,0,110.579,167.009,0.4851,0.5149,0.0
41,1200,4,0,0,0,0,5.866,5.866,0.0,1.0,0.0
41,1600,3,0,0,0,0,4.312,4.312,0.0,1.0,0.0
41,2000,3,0,0,0,0,54.93,54.93,0.0,1.0,0.0
42,100,12,12,4,6,0,98.825,151.781,0.4861,0.5139,0.0
42,200,12,10,6,2,1,102.449,128.615,0.2288,0.7712,0.0
42,300,12,7,4,1,0,52.624,172.206,1.8739,-0.8739,0.0
42,450,12,5,2,2,0,200.326,286.177,0.421,0.579,0.0
42,600,10,8,4,1,0,-2.892,54.266,4.488,-3.488,0.0
42,800,8,1,0,0,0,104.353,104.775,0.004,0.996,0.0
42,1200,5,0,0,0,0,19.11,19.11,0.0,1.0,0.0
42,1600,3,1,0,1,0,18.081,23.999,0.3273,0.6727,0.0
42,2000,3,2,1,0,0,4.866,10.006,1.0077,-0.0077,0.0
43,100,12,10,3,5,0,194.08,253.891,0.282,0.718,0.0
43,200,12,8,2,2,1,95.77,145.212,0.4581,0.5419,0.0
43,300,12,7,4,0,1,89.794,99.621,0.0909,0.9091,0.0
43,450,12,8,6,1,2,-11.218,2.211,1.1227,-0.1227,0.0
43,600,12,6,4,0,2,5.061,11.514,0.3488,0.6512,0.0
43,800,8,4,0,0,0,37.939,44.021,0.1525,0.8475,0.0
43,1200,6,3,0,0,0,59.525,61.353,0.0307,0.9693,0.0
43,1600,5,4,1,2,0,-3.498,-1.116,0.5644,0.4356,0.0
43,2000,5,1,0,0,0,101.446,102.939,0.0144,0.9856,0.0
44,100,12,9,4,3,0,51.863,68.208,0.2721,0.7279,0.0
44,200,12,8,6,2,0,52.66,70.677,0.3129,0.6871,0.0
44,300,12,5,3,0,1,51.507,64.096,0.2191,0.7809,0.0
44,450,12,8,6,2,1,43.043,111.324,1.2076,-0.2076,0.0
44,600,10,8,4,1,1,-7.051,59.346,6.9243,-5.9243,0.0
44,800,9,6,2,1,0,0.309,8.998,1.0831,-0.0831,0.0
44,1200,6,2,1,0,0,16.762,17.241,0.0274,0.9726,0.0
44,1600,5,1,1,0,0,69.437,76.793,0.1008,0.8992,0.0
44,2000,5,2,1,0,0,112.868,118.63,0.051,0.949,0.0
45,100,12,8,2,3,0,101.477,153.527,0.471,0.529,0.0
45,200,12,3,1,1,0,47.809,53.583,0.1011,0.8989,0.0
45,300,12,9,4,3,0,46.079,59.201,0.2169,0.7831,0.0
45,450,12,10,5,1,1,-5.406,59.62,6.2989,-5.2989,0.0
45,600,10,4,2,1,0,49.825,57.629,0.1405,0.8595,0.0
45,800,7,3,1,0,0,5.307,8.985,0.3673,0.6327,0.0
45,1200,5,3,1,2,0,10.088,13.896,0.2866,0.7134,0.0
45,1600,4,2,0,1,0,8.894,9.821,0.0972,0.9028,0.0
45,2000,4,0,0,0,0,11.104,11.104,0.0,1.0,0.0
46,100,12,7,4,2,0,47.382,153.699,1.7846,-0.7846,0.0
46,200,12,6,2,1,0,44.558,57.674,0.2253,0.7747,0.01799
46,300,12,9,6,1,0,43.283,684.983,9.9288,-8.9288,0.0
46,450,12,7,3,2,0,-0.374,152.398,9.0466,-8.0466,0.0
46,600,11,9,3,2,1,-6.438,4.29,0.9596,0.0404,0.0
46,800,9,3,2,0,0,10.648,21.367,0.5776,0.4224,0.0
46,1200,7,5,1,3,0,13.736,24.653,0.4449,0.5551,0.0
46,1600,4,2,0,1,0,39.82,45.814,0.1483,0.8517,0.0
46,2000,4,3,0,2,0,-0.426,1.85,0.8201,0.1799,0.0
47,100,12,10,2,4,0,141.16,143.939,0.0183,0.9817,0.0
47,200,12,9,4,3,0,145.09,158.835,0.0887,0.9113,0.0
47,300,12,9,4,3,0,99.993,110.446,0.098,0.902,0.0
47,450,12,8,3,1,0,47.617,104.977,0.9534,0.0466,0.0
47,600,9,6,1,2,0,49.725,53.61,0.0701,0.9299,0.0
47,800,9,3,2,1,1,1.73,3.165,0.1909,0.8091,0.0
47,1200,6,1,0,0,0,15.563,15.586,0.0015,0.9985,0.0
47,1600,5,3,0,0,0,11.484,14.348,0.2346,0.7654,0.0
47,2000,5,0,0,0,0,21.55,21.55,0.0,1.0,0.0
48,100,12,11,4,4,0,1.856,65.376,5.2283,-4.2283,0.0
48,200,12,9,3,4,1,99.479,152.041,0.477,0.523,0.0
48,300,12,9,5,3,0,153.176,204.58,0.3265,0.6735,0.0
48,450,12,8,4,2,1,199.092,211.449,0.0597,0.9403,0.0
48,600,9,4,1,1,0,4.876,9.249,0.5488,0.4512,0.0
48,800,7,1,1,0,0,6.203,8.344,0.2181,0.7819,0.0
48,1200,6,3,1,0,0,15.146,25.911,0.5497,0.4503,0.0
48,1600,5,4,1,2,0,10.742,19.167,0.6042,0.3958,0.0
48,2000,5,1,0,0,0,9.728,11.659,0.1984,0.8016,0.0
49,100,12,9,2,5,0,44.088,58.631,0.2219,0.7781,0.0
49,200,12,9,4,2,1,142.567,253.116,0.7011,0.2989,0.0
49,300,12,8,4,1,0,45.234,151.527,1.9259,-0.9259,0.0
49,450,12,5,2,2,0,1.706,191.677,14.7424,-13.7424,0.0
49,600,10,7,3,0,1,96.544,101.155,0.0452,0.9548,0.0
49,800,6,3,0,1,0,47.694,48.993,0.025,0.975,0.0
49,1200,5,4,1,1,0,3.056,101.395,32.1782,-31.1782,0.0
49,1600,5,1,1,0,0,8.639,9.208,0.061,0.939,0.0
49,2000,5,2,1,1,0,27.812,32.944,0.1701,0.8299,0.0
50,100,12,8,2,1,0,190.294,202.421,0.0605,0.9395,0.0
50,200,12,8,4,2,0,44.562,76.387,0.5375,0.4625,0.0
50,300,12,9,5,2,0,-11.423,10.586,1.5647,-0.5647,0.0
50,450,12,10,5,1,1,98.687,206.748,0.9495,0.0505,0.0
50,600,11,8,5,2,0,-7.774,9.676,1.5187,-0.5187,0.0
50,800,9,7,4,1,0,-1.314,12.544,1.2213,-0.2213,0.01594
50,1200,7,3,2,0,0,11.498,26.53,0.7654,0.2346,0.0
50,1600,6,2,2,0,0,26.559,30.488,0.128,0.872,0.0
50,2000,6,1,0,0,0,39.175,44.552,0.1373,0.8627,0.0
51,100,12,6,3,3,0,105.996,157.782,0.4567,0.5433,0.0
51,200,12,7,2,3,0,55.492,105.691,0.7792,0.2208,0.0
51,300,12,7,5,1,0,6.558,20.132,1.2099,-0.2099,0.0
51,450,12,10,5,2,0,2.838,106.428,7.8116,-6.8116,0.0
51,600,11,6,4,1,0,5.307,16.314,1.0951,-0.0951,0.0
51,800,9,4,3,0,0,54.722,60.528,0.0968,0.9032,0.0
51,1200,7,3,1,1,0,2.218,7.1,1.0703,-0.0703,0.0
51,1600,4,1,1,0,0,9.467,53.698,4.4617,-3.4617,0.0
51,2000,4,2,0,1,0,6.11,7.326,0.1577,0.8423,0.0
52,100,12,7,2,5,0,95.23,153.185,0.5264,0.4736,0.0
52,200,12,10,3,5,1,-6.826,49.832,4.6212,-3.6212,0.0
52,300,12,7,4,0,0,-2.548,106.037,6.9823,-5.9823,0.0
52,450,12,0,0,0,0,95.679,95.679,0.0,1.0,0.0
52,600,10,5,3,2,1,0.102,57.006,4.7518,-3.7518,0.0
52,800,8,6,1,1,0,0.71,6.697,0.7618,0.2382,0.0
52,1200,4,2,1,0,0,10.628,13.65,0.2842,0.7158,0.0
52,1600,3,3,1,1,0,4.59,10.62,1.3139,-0.3139,0.0
52,2000,3,2,1,0,0,5.971,7.084,0.1683,0.8317,0.0
53,100,12,9,3,6,0,46.774,103.686,0.8885,0.1115,0.0
53,200,12,7,1,3,0,197.655,350.381,0.7187,0.2813,0.0
53,300,12,8,2,3,1,52.387,239.966,2.9431,-1.9431,0.0
53,450,12,8,1,2,0,46.816,96.039,0.9032,0.0968,0.0
53,600,10,5,1,2,0,97.011,145.337,0.4541,0.5459,0.0
53,800,9,5,1,2,0,99.086,101.229,0.0212,0.9788,0.0
53,1200,8,2,0,2,0,108.18,110.243,0.0188,0.9812,0.0
53,1600,8,5,0,2,0,58.38,62.086,0.0628,0.9372,0.0
53,2000,8,3,0,2,0,67.198,69.613,0.0359,0.9641,0.0
54,100,12,8,2,5,0,-1.187,12.464,1.0408,-0.0408,0.0
54,200,12,10,6,3,0,94.98,123.249,0.2441,0.7559,0.0
54,300,12,8,5,0,0,48.525,73.307,0.4005,0.5995,0.0
54,450,12,6,4,0,0,154.395,212.685,0.3574,0.6426,0.0
54,600,11,4,3,0,0,103.227,114.721,0.1026,0.8974,0.0
54,800,9,4,1,2,0,-2.269,4.827,0.5588,0.4412,0.0
54,1200,7,3,1,0,0,21.578,27.399,0.2698,0.7302,0.0
54,1600,7,4,1,3,0,12.736,24.114,0.5707,0.4293,0.0
54,2000,7,3,0,0,0,118.636,124.651,0.0507,0.9493,0.0
55,100,12,9,3,5,0,1.709,92.723,6.1978,-5.1978,0.0
55,200,12,9,4,1,2,1.433,53.034,4.0608,-3.0608,0.0
55,300,12,7,6,1,1,50.354,65.576,0.2484,0.7516,0.0
55,450,12,10,6,3,0,-5.106,11.789,1.5204,-0.5204,0.0
55,600,11,8,2,4,0,95.604,104.042,0.0769,0.9231,0.0
55,800,9,2,2,0,0,7.958,14.834,0.5396,0.4604,0.0
55,1200,5,2,1,0,0,23.816,30.95,0.2995,0.7005,0.0
55,1600,4,2,2,0,0,0.704,55.524,17.7934,-16.7934,0.0
55,2000,3,1,1,0,0,103.744,105.85,0.0203,0.9797,0.0
56,100,12,8,2,2,0,49.453,58.468,0.1601,0.8399,0.0
56,200,12,6,4,1,0,5.411,23.995,1.8943,-0.8943,0.0
56,300,12,11,6,3,1,47.751,158.43,1.876,-0.876,0.0
56,450,12,8,2,1,1,-2.976,50.116,3.8152,-2.8152,0.0
56,600,10,3,2,1,0,1.879,5.865,0.6161,0.3839,0.0
56,800,9,5,0,1,0,96.474,102.883,0.0582,0.9418,0.0
56,1200,6,4,1,2,0,8.632,18.486,0.7393,0.2607,0.0
56,1600,4,1,0,0,0,64.392,67.9,0.0545,0.9455,0.0
56,2000,4,1,0,0,0,29.968,30.422,0.0152,0.9848,0.0
57,100,12,6,4,2,0,56.419,118.688,0.9544,0.0456,0.0
57,200,12,8,4,2,1,56.379,165.385,1.6761,-0.6761,0.0
57,300,12,7,6,0,1,91.519,132.695,0.3748,0.6252,0.0
57,450,12,9,6,1,1,44.692,79.963,0.6025,0.3975,0.0
57,600,9,2,1,1,0,50.331,53.92,0.0628,0.9372,0.0
57,800,9,6,4,1,0,48.614,65.75,0.2977,0.7023,0.0
57,1200,5,2,0,2,0,33.425,36.782,0.0889,0.9111,0.0
57,1600,4,1,1,0,0,21.362,23.747,0.1117,0.8883,0.0
57,2000,4,1,0,0,0,64.049,71.479,0.1145,0.8855,0.0
58,100,12,6,1,4,0,2.598,8.134,0.3402,0.6598,0.0
58,200,12,10,3,4,1,144.252,159.314,0.0979,0.9021,0.0
58,300,12,10,3,2,1,45.023,100.337,0.9828,0.0172,0.00971
58,450,12,8,6,1,2,-10.008,22.419,1.7812,-0.7812,0.0
58,600,11,9,8,0,2,44.813,72.788,0.4428,0.5572,0.0
58,800,10,6,5,0,0,6.207,21.982,1.5606,-0.5606,0.0
58,1200,6,5,0,0,0,11.196,13.299,0.1878,0.8122,0.0
58,1600,5,2,2,0,0,2.971,5.08,0.7101,0.2899,0.0
58,2000,4,4,4,0,0,-1.068,1.8,2.6859,-1.6859,0.0
59,100,12,9,3,3,0,145.163,200.702,0.3561,0.6439,0.00599
59,200,12,4,2,0,0,154.228,209.451,0.3401,0.6599,0.0
59,300,12,9,4,2,0,97.607,121.133,0.2228,0.7772,0.0
59,450,12,6,2,1,1,143.718,206.513,0.385,0.615,0.0
59,600,10,7,3,2,0,149.293,202.148,0.3339,0.6661,0.0
59,800,8,3,3,0,0,50.119,56.777,0.1125,0.8875,0.0
59,1200,5,0,0,0,0,66.093,66.093,0.0,1.0,0.0
59,1600,4,0,0,0,0,16.324,16.324,0.0,1.0,0.0
59,2000,4,1,1,0,0,16.512,52.943,2.1255,-1.1255,0.0
60,100,12,6,3,2,0,10.613,22.088,0.7256,0.2744,0.0
60,200,12,7,2,4,1,96.343,149.149,0.4554,0.5446,0.0
60,300,12,8,4,2,1,46.965,59.195,0.1998,0.8002,0.0
60,450,12,6,5,1,0,-12.624,11.446,1.4516,-0.4516,0.0
60,600,10,8,2,2,1,47.415,56.798,0.1626,0.8374,0.0
60,800,9,5,2,1,0,1.3,8.661,0.8887,0.1113,0.0
60,1200,5,0,0,0,0,21.181,21.181,0.0,1.0,0.0
60,1600,5,2,2,0,0,20.96,25.711,0.2267,0.7733,0.0
60,2000,5,4,2,1,1,-0.009,1.472,0.4375,0.5625,0.0
61,100,12,11,3,6,1,-1.422,55.512,2.9011,-1.9011,0.0
61,200,12,7,4,3,0,149.582,257.734,0.6916,0.3084,0.0
61,300,12,8,5,2,1,146.746,299.025,0.9229,0.0771,0.0
61,450,12,6,3,2,0,-3.072,47.32,4.2539,-3.2539,0.0
61,600,11,5,2,3,0,47.169,197.541,2.1686,-1.1686,0.0
61,800,6,5,2,1,1,1.086,46.342,5.4321,-4.4321,0.0
61,1200,6,4,2,1,0,5.586,54.657,3.1776,-2.1776,0.0
61,1600,4,1,0,1,0,56.512,67.451,0.1705,0.8295,0.0
61,2000,4,1,0,1,0,66.181,74.862,0.1176,0.8824,0.0
62,100,12,8,2,5,0,4.335,9.741,0.3007,0.6993,0.0
62,200,12,7,3,4,0,99.027,153.233,0.4969,0.5031,0.0
62,300,12,8,2,3,0,49.417,59.62,0.1736,0.8264,0.0
62,450,12,8,4,2,1,50.714,64.284,0.2311,0.7689,0.0
62,600,10,3,1,1,0,250.974,294.27,0.1698,0.8302,0.0
62,800,8,5,2,2,0,9.606,55.549,3.8468,-2.8468,0.0
62,1200,5,2,1,0,0,16.852,19.886,0.1644,0.8356,0.0
62,1600,4,2,0,2,0,4.278,22.061,2.3779,-1.3779,0.0
62,2000,3,1,1,0,0,33.024,35.464,0.0739,0.9261,0.0
63,100,12,6,3,3,0,47.748,144.774,1.6404,-0.6404,0.0
63,200,12,9,4,1,1,97.841,110.199,0.1161,0.8839,0.0
63,300,12,4,2,1,0,46.144,100.71,0.9149,0.0851,0.0
63,450,12,9,2,1,0,-4.434,5.586,0.7439,0.2561,0.0
63,600,9,2,1,1,0,151.016,153.97,0.0193,0.9807,0.0
63,800,9,5,4,1,0,55.433,60.898,0.0816,0.9184,0.0
63,1200,4,0,0,0,0,8.708,8.708,0.0,1.0,0.0
63,1600,4,0,0,0,0,54.944,54.944,0.0,1.0,0.0
63,2000,4,1,1,0,0,33.295,36.087,0.0839,0.9161,0.0
64,100,12,8,2,4,0,2.796,93.536,5.5562,-4.5562,0.0
64,200,12,7,2,1,0,48.27,54.133,0.0996,0.9004,0.0
64,300,12,4,2,0,0,-1.329,0.981,0.3157,0.6843,0.0
64,450,12,5,3,1,1,0.261,2.95,0.2469,0.7531,0.0
64,600,11,4,3,0,1,-3.735,4.062,0.5719,0.4281,0.0
64,800,8,2,0,2,0,270.765,275.12,0.0159,0.9841,0.0
64,1200,7,4,1,2,0,106.716,128.815,0.1886,0.8114,0.0
64,1600,6,1,0,0,0,135.591,137.337,0.0129,0.9871,0.0
64,2000,3,1,0,1,0,13.867,21.016,0.5155,0.4845,0.0
65,100,12,7,2,3,0,56.595,141.824,1.25,-0.25,0.0
65,200,12,7,2,4,0,101.505,245.596,1.2319,-0.2319,0.0
65,300,12,8,4,2,0,159.536,265.515,0.6444,0.3556,0.0
65,450,12,6,5,0,0,-6.488,18.868,1.4068,-0.4068,0.0
65,600,10,3,1,2,0,152.211,154.116,0.0121,0.9879,0.0
65,800,9,2,1,0,1,9.735,14.933,0.4151,0.5849,0.0
65,1200,8,2,1,0,0,34.872,41.381,0.1747,0.8253,0.0
65,1600,7,2,1,0,0,33.46,46.167,0.3529,0.6471,0.0
65,2000,7,3,2,0,0,18.769,36.914,0.6211,0.3789,0.0
66,100,12,8,3,5,0,51.381,109.488,0.8796,0.1204,0.0
66,200,12,6,6,0,0,0.127,19.894,1.1868,-0.1868,0.0
66,300,12,5,4,1,0,2.703,13.724,0.6699,0.3301,0.0
66,450,12,8,3,2,0,43.646,60.168,0.275,0.725,0.0
66,600,9,8,5,1,0,-0.969,14.304,2.7435,-1.7435,0.0
66,800,8,6,1,1,1,6.206,54.915,5.3652,-4.3652,0.0
66,1200,5,1,0,0,0,18.108,18.383,0.0152,0.9848,0.0
66,1600,5,2,1,0,0,17.77,19.332,0.0865,0.9135,0.0
66,2000,5,2,0,2,0,71.553,86.673,0.2113,0.7887,0.0
67,100,12,10,4,4,0,-2.259,19.605,1.3684,-0.3684,0.0
67,200,12,6,3,0,0,8.22,61.114,3.0364,-2.0364,0.0
67,300,12,7,4,0,0,10.115,117.842,5.4999,-4.4999,0.0
67,450,11,9,4,1,0,9.501,20.686,0.9138,0.0862,0.0
67,600,10,7,3,1,0,-0.127,14.058,1.3635,-0.3635,0.0
67,800,8,2,0,1,0,-0.337,2.841,0.5124,0.4876,0.0
67,1200,5,1,0,1,0,24.065,24.496,0.0168,0.9832,0.0
67,1600,5,2,1,0,0,20.999,31.201,0.428,0.572,0.0
67,2000,4,1,0,1,0,12.469,13.002,0.0379,0.9621,0.0
68,100,12,7,2,4,0,148.634,195.245,0.2923,0.7077,0.0
68,200,12,9,6,2,2,4.695,64.807,5.9046,-4.9046,0.00385
68,300,12,8,2,2,1,193.167,203.233,0.0491,0.9509,0.0
68,450,11,7,3,0,0,-8.303,1.582,0.7345,0.2655,0.0
68,600,10,5,1,2,0,-3.687,-0.907,0.4209,0.5791,0.0
68,800,8,6,1,1,0,-2.881,1.471,0.7301,0.2699,0.0
68,1200,6,1,0,0,0,124.787,127.234,0.0196,0.9804,0.0
68,1600,6,2,0,1,0,12.785,14.924,0.1487,0.8513,0.0
68,2000,5,3,1,1,0,10.108,15.225,0.4013,0.5987,0.0
69,100,12,9,2,6,0,94.925,110.524,0.1364,0.8636,0.0
69,200,12,6,2,1,0,17.327,116.777,4.4412,-3.4412,0.0
69,300,12,7,4,1,0,98.569,202.835,0.9508,0.0492,0.0
69,450,12,8,5,1,1,38.256,71.449,0.5053,0.4947,0.0
69,600,10,5,2,0,1,7.681,16.039,0.5871,0.4129,0.0
69,800,9,5,2,0,0,4.684,19.056,1.043,-0.043,0.0
69,1200,6,2,0,1,0,12.854,16.575,0.2451,0.7549,0.0
69,1600,5,2,1,0,0,19.68,29.646,0.5064,0.4936,0.0
69,2000,5,0,0,0,0,82.674,82.674,0.0,1.0,0.0
70,100,12,7,1,6,0,-2.038,14.114,0.9547,0.0453,0.0
70,200,12,9,4,4,0,104.348,120.337,0.1315,0.8685,0.0
70,300,12,8,5,1,0,49.191,73.194,0.3847,0.6153,0.0
70,450,11,6,3,2,0,54.084,65.075,0.1755,0.8245,0.0
70,600,10,3,2,1,0,7.393,103.166,8.7822,-7.7822,0.0
70,800,8,2,2,0,0,7.67,58.698,4.3132,-3.3132,0.0
70,1200,8,2,2,0,0,15.927,60.419,2.5583,-1.5583,0.0
70,1600,7,2,1,0,0,36.161,71.562,0.979,0.021,0.0
70,2000,7,3,2,1,0,44.481,78.753,0.7582,0.2418,0.0
71,100,12,8,2,4,0,400.082,409.144,0.022,0.978,0.00111
71,200,12,10,5,3,1,295.719,355.103,0.1934,0.8066,0.0
71,300,12,6,4,1,0,193.606,257.021,0.3059,0.6941,0.0
71,450,12,5,2,2,0,46.968,56.852,0.1647,0.8353,0.0
71,600,11,6,4,1,2,-1.469,19.077,1.4254,-0.4254,0.0
71,800,9,4,3,0,0,197.817,210.421,0.0601,0.9399,0.0
71,1200,6,2,0,0,0,14.966,18.36,0.2229,0.7771,0.0
71,1600,3,1,0,1,0,17.027,17.844,0.048,0.952,0.0
71,2000,3,1,0,0,0,3.903,4.763,0.2202,0.7798,0.0
72,100,12,9,3,2,0,149.132,161.755,0.0838,0.9162,0.0
72,200,12,6,4,1,0,50.953,104.018,0.9409,0.0591,0.0
72,300,12,9,5,2,1,50.5,109.331,0.9468,0.0532,0.0
72,450,12,9,3,1,0,0.328,57.852,5.2165,-4.2165,0.0
72,600,10,7,3,1,0,4.263,52.969,3.4094,-2.4094,0.0
72,800,8,3,2,0,0,205.814,211.155,0.0258,0.9742,0.0
72,1200,5,2,1,0,0,27.952,32.747,0.167,0.833,0.0
72,1600,5,0,0,0,0,64.686,64.686,0.0,1.0,0.0
72,2000,4,0,0,0,0,41.01,41.01,0.0,1.0,0.0
73,100,12,9,4,3,0,0.591,63.263,4.3545,-3.3545,0.0
73,200,12,11,5,3,1,47.722,156.321,1.8629,-0.8629,0.0
73,300,12,9,3,2,0,45.35,111.33,1.1142,-0.1142,0.0
73,450,12,7,2,2,0,-0.247,51.745,3.343,-2.343,0.0
73,600,8,5,2,1,0,50.932,60.5,0.1645,0.8355,0.0
73,800,7,3,2,0,0,8.365,18.468,1.003,-0.003,0.0
73,1200,7,3,1,1,0,10.755,22.272,1.0126,-0.0126,0.0
73,1600,6,2,1,1,0,31.622,35.893,0.1331,0.8669,0.0
73,2000,5,1,0,0,0,38.552,39.333,0.0203,0.9797,0.0
74,100,12,7,2,4,0,5.445,57.366,2.7258,-1.7258,0.0
74,200,12,8,6,1,1,103.025,180.778,0.709,0.291,0.0
74,300,12,6,5,0,1,-7.019,35.19,2.0319,-1.0319,0.0
74,450,12,7,2,1,0,140.374,245.102,0.6512,0.3488,0.0
74,600,7,3,2,0,0,1.059,4.032,0.4353,0.5647,0.0
74,800,6,2,0,0,0,12.046,15.924,0.2857,0.7143,0.0
74,1200,5,1,0,1,0,18.849,19.019,0.0087,0.9913,0.0
74,1600,5,5,0,3,0,2.574,16.969,2.3783,-1.3783,0.0
74,2000,5,1,0,1,0,31.188,33.792,0.0794,0.9206,0.0
75,100,12,8,4,4,0,110.475,162.019,0.4235,0.5765,0.0
75,200,11,4,2,2,0,8.143,15.371,0.4266,0.5734,0.0
75,300,10,5,2,1,0,57.836,65.062,0.1196,0.8804,0.0
75,450,10,4,3,1,1,158.514,166.243,0.0476,0.9524,0.0
75,600,9,4,0,0,0,8.426,12.685,0.341,0.659,0.0
75,800,7,5,2,2,0,4.618,10.97,0.4999,0.5001,0.0
75,1200,5,3,1,1,0,-1.318,6.523,1.4022,-0.4022,0.0
75,1600,5,2,1,1,0,10.1,13.254,0.2583,0.7417,0.0
75,2000,5,4,1,2,0,1.199,8.082,1.4343,-0.4343,0.0
76,100,12,9,2,5,0,97.242,144.08,0.4085,0.5915,0.0
76,200,12,10,4,3,0,97.667,149.021,0.4871,0.5129,0.0
76,300,12,6,2,4,0,97.313,103.007,0.0552,0.9448,0.0
76,450,12,7,2,2,1,98.223,102.09,0.036,0.964,0.0
76,600,11,3,1,2,0,-1.956,-0.167,0.1614,0.8386,0.0
76,800,10,5,2,1,0,20.026,35.31,0.4885,0.5115,0.0
76,1200,4,1,0,0,0,20.299,23.833,0.1741,0.8259,0.0
76,1600,4,0,0,0,0,5.769,5.769,0.0,1.0,0.0
76,2000,4,2,0,1,0,2.743,6.53,0.8721,0.1279,0.0
77,100,12,4,1,3,0,9.406,62.955,3.1123,-2.1123,0.0
77,200,12,7,3,3,0,51.411,62.811,0.1818,0.8182,0.0
77,300,12,7,4,2,1,104.521,207.661,0.9052,0.0948,0.0
77,450,12,4,2,2,0,56.419,102.43,0.7206,0.2794,0.0
77,600,11,4,2,2,0,8.467,100.073,5.6561,-4.6561,0.0
77,800,7,3,1,0,0,3.056,4.556,0.2592,0.7408,0.0
77,1200,4,0,0,0,0,96.979,96.979,0.0,1.0,0.0
77,1600,4,2,0,2,0,13.594,22.42,0.5809,0.4191,0.0
77,2000,3,2,0,1,0,18.109,23.755,0.3118,0.6882,0.0
78,100,12,6,2,3,0,7.209,15.363,0.4299,0.5701,0.0
78,200,12,6,5,1,1,148.11,167.89,0.1281,0.8719,0.0
78,300,12,6,2,1,0,105.53,151.516,0.4045,0.5955,0.0
78,450,12,9,9,0,1,-13.107,26.559,2.7294,-1.7294,0.0
78,600,10,8,1,3,1,46.759,52.121,0.0988,0.9012,0.0
78,800,6,5,3,1,0,3.915,100.666,10.8888,-9.8888,0.0
78,1200,4,2,0,2,0,58.213,61.708,0.0575,0.9425,0.0
78,1600,3,2,0,1,0,2.391,6.574,1.7498,-0.7498,0.0
78,2000,3,1,1,0,0,17.676,17.859,0.0104,0.9896,0.0
79,100,12,7,3,3,1,-0.624,13.464,1.1197,-0.1197,0.0
79,200,12,8,3,3,0,44.307,147.009,1.9226,-0.9226,0.0
79,300,12,8,6,2,0,98.34,121.709,0.214,0.786,0.0
79,450,12,5,2,2,0,-3.682,95.803,7.441,-6.441,0.0
79,600,9,2,1,1,0,99.076,101.847,0.0264,0.9736,0.0
79,800,8,4,1,0,0,54.123,61.675,0.1384,0.8616,0.0001
79,1200,5,4,1,3,0,12.563,59.372,2.6352,-1.6352,0.0
79,1600,4,3,3,0,0,9.222,15.479,0.6785,0.3215,0.0
79,2000,3,1,0,0,0,-0.075,1.625,1.5634,-0.5634,0.0
80,100,12,7,2,4,0,144.562,148.218,0.023,0.977,0.0
80,200,12,10,3,4,0,49.944,148.792,1.6017,-0.6017,0.0
80,300,12,8,5,2,0,-0.188,104.462,6.4702,-5.4702,0.0
80,450,12,7,5,2,0,-6.763,14.331,1.6361,-0.6361,0.0
80,600,11,6,3,2,0,94.472,150.767,0.5115,0.4885,0.0
80,800,7,5,2,1,0,-0.088,8.078,1.1378,-0.1378,0.0
80,1200,4,3,0,1,0,6.617,10.934,0.5254,0.4746,0.0
80,1600,3,2,0,1,0,14.046,14.965,0.0654,0.9346,0.0
80,2000,3,2,0,1,0,6.842,7.824,0.1435,0.8565,0.0
81,100,12,5,1,4,0,47.801,57.515,0.1467,0.8533,0.0
81,200,12,7,4,2,1,55.387,71.774,0.2522,0.7478,0.0
81,300,12,4,1,2,0,1.263,55.448,4.1616,-3.1616,0.0
81,450,11,7,4,1,1,101.672,108.753,0.0663,0.9337,0.0
81,600,8,3,1,1,0,0.844,52.087,6.5336,-5.5336,0.0
81,800,6,2,2,0,1,0.96,6.295,1.4786,-0.4786,0.0
81,1200,6,3,1,0,0,10.798,14.398,0.3334,0.6666,0.0
81,1600,4,3,1,2,0,11.543,16.179,0.4016,0.5984,0.0
81,2000,4,2,0,1,0,60.039,62.418,0.0396,0.9604,0.0
82,100,12,5,1,4,0,55.064,102.254,0.6609,0.3391,0.0
82,200,12,5,3,2,0,64.037,112.386,0.6825,0.3175,0.0
82,300,12,5,3,1,0,253.625,259.393,0.0222,0.9778,0.0
82,450,12,5,3,0,0,144.929,160.981,0.1043,0.8957,0.0
82,600,11,7,1,1,1,199.163,206.92,0.0374,0.9626,0.00014
82,800,8,5,3,0,1,-4.102,0.287,0.6477,0.3523,0.0
82,1200,5,1,0,0,0,17.124,17.823,0.0408,0.9592,0.0
82,1600,4,1,1,0,0,3.537,5.679,0.5821,0.4179,0.0
82,2000,3,1,0,0,0,1.363,3.162,0.8662,0.1338,0.0
83,100,12,11,5,4,0,100.727,110.312,0.0856,0.9144,0.0
83,200,12,10,4,3,0,97.156,196.243,0.9296,0.0704,0.0
83,300,12,8,4,2,0,48.684,105.19,0.9192,0.0808,0.0
83,450,12,8,2,2,0,-3.736,9.322,1.6005,-0.6005,0.0
83,600,10,7,2,2,1,44.69,101.927,1.0438,-0.0438,0.0
83,800,9,4,2,1,0,0.361,5.34,0.5019,0.4981,0.0
83,1200,5,0,0,0,0,119.783,119.783,0.0,1.0,0.0
83,1600,4,0,0,0,0,12.348,12.348,0.0,1.0,0.0
83,2000,4,0,0,0,0,18.091,18.091,0.0,1.0,0.0
84,100,12,9,3,5,0,99.544,118.316,0.164,0.836,0.0
84,200,12,9,3,4,0,49.674,101.698,0.8306,0.1694,0.0
84,300,12,9,4,3,1,92.006,158.859,0.5847,0.4153,0.0
84,450,11,8,4,0,2,0.08,21.249,1.7982,-0.7982,0.0
84,600,9,5,3,0,1,0.096,13.22,0.966,0.034,0.0
84,800,7,3,1,0,1,48.825,54.798,0.1128,0.8872,0.0
84,1200,4,3,0,1,0,5.458,11.216,0.8017,0.1983,0.0
84,1600,4,3,1,2,0,12.419,56.8,3.5735,-2.5735,0.0
84,2000,4,1,0,1,0,36.502,39.933,0.094,0.906,0.0
85,100,12,9,5,3,0,9.963,18.553,0.5666,0.4334,0.0
85,200,12,9,5,2,0,102.15,160.67,0.5455,0.4545,0.0
85,300,12,9,5,2,0,5.084,20.384,0.9761,0.0239,0.0
85,450,12,6,4,2,1,105.421,116.217,0.0937,0.9063,0.0
85,600,12,8,4,1,1,98.933,106.775,0.0722,0.9278,0.0
85,800,10,5,3,0,0,55.318,62.265,0.1193,0.8807,0.0
85,1200,9,5,3,2,0,76.729,98.65,0.2795,0.7205,0.0
85,1600,6,2,1,1,0,135.805,143.45,0.0563,0.9437,0.0
85,2000,6,0,0,0,0,95.885,95.885,0.0,1.0,0.0
86,100,12,6,2,4,0,10.687,20.283,0.5191,0.4809,0.0
86,200,12,7,2,1,0,109.949,121.493,0.1035,0.8965,0.0
86,300,12,4,2,1,0,15.405,153.469,6.2275,-5.2275,0.0
86,450,12,6,4,1,1,97.141,113.559,0.1499,0.8501,0.0
86,600,10,3,1,0,0,60.877,64.055,0.0516,0.9484,0.0
86,800,8,1,1,0,0,54.282,59.707,0.0943,0.9057,0.0
86,1200,6,2,1,0,0,8.294,17.505,0.7468,0.2532,0.0
86,1600,6,3,2,1,0,17.924,23.581,0.2756,0.7244,0.0
86,2000,3,0,0,0,0,4.822,4.822,0.0,1.0,0.0
87,100,12,9,2,5,0,5.693,57.454,2.1412,-1.1412,0.0
87,200,12,8,4,3,0,150.691,161.835,0.0689,0.9311,0.0
87,300,12,7,4,1,1,1.147,65.065,6.1245,-5.1245,0.0
87,450,12,5,0,3,0,140.91,144.825,0.0259,0.9741,0.0
87,600,11,7,5,2,0,39.15,63.765,0.4099,0.5901,0.0
87,800,10,7,3,2,1,50.044,60.966,0.1931,0.8069,0.0
87,1200,8,3,1,1,0,48.707,53.11,0.0789,0.9211,0.0
87,1600,6,3,2,1,0,51.661,62.067,0.1805,0.8195,0.0
87,2000,6,4,1,2,0,13.715,17.941,0.28,0.72,0.0
88,100,12,6,1,5,0,3.072,49.07,2.7603,-1.7603,0.0
88,200,12,8,2,4,0,1.279,55.844,3.8433,-2.8433,0.0
88,300,12,7,2,2,1,42.129,99.631,0.9098,0.0902,0.0
88,450,12,6,1,2,0,59.301,107.533,0.7838,0.2162,0.0
88,600,11,4,1,2,0,-3.477,2.346,0.7798,0.2202,0.0
88,800,9,8,3,3,1,1.614,10.053,0.9142,0.0858,0.0
88,1200,4,2,1,0,0,5.138,7.17,0.3533,0.6467,0.0
88,1600,3,0,0,0,0,17.633,17.633,0.0,1.0,0.0
88,2000,3,3,1,1,0,2.283,3.045,0.3338,0.6662,0.0
89,100,12,9,4,3,0,5.456,73.567,5.0617,-4.0617,0.0
89,200,12,11,5,5,0,143.98,294.184,0.9661,0.0339,0.0
89,300,12,8,5,2,1,42.616,111.743,1.1863,-0.1863,0.0
89,450,12,8,4,2,0,88.402,106.613,0.1657,0.8343,0.0
89,600,10,7,3,1,1,46.22,57.26,0.1886,0.8114,0.0
89,800,7,6,3,1,0,44.964,54.585,0.173,0.827,0.0
89,1200,5,2,0,1,0,6.593,12.927,0.7551,0.2449,0.0
89,1600,4,3,0,2,0,10.842,13.839,0.2619,0.7381,0.0
89,2000,3,2,2,0,0,5.456,9.079,0.6641,0.3359,0.0
90,100,12,12,5,5,0,2.273,58.018,3.1255,-2.1255,0.0
90,200,12,7,3,2,1,297.593,353.224,0.1823,0.8177,0.0
90,300,12,7,5,1,1,47.429,155.631,1.7541,-0.7541,0.0
90,450,12,9,5,1,1,-5.24,14.49,2.0765,-1.0765,0.0
90,600,9,5,4,1,0,-3.003,4.585,0.9172,0.0828,0.0
90,800,7,4,1,1,0,-0.513,2.22,1.1107,-0.1107,0.0
90,1200,4,1,0,0,0,13.949,16.989,0.2133,0.7867,0.0
90,1600,3,2,1,1,0,3.218,12.87,2.721,-1.721,0.0
90,2000,3,3,0,2,0,9.909,22.181,1.2385,-0.2385,0.0
91,100,12,8,1,5,0,137.959,141.618,0.0245,0.9755,0.0
91,200,12,6,3,2,0,99.171,155.257,0.5313,0.4687,0.0
91,300,12,10,3,3,0,44.896,96.78,0.9146,0.0854,0.0
91,450,12,10,2,2,2,-4.949,49.348,3.8624,-2.8624,0.0
91,600,11,8,4,2,1,-2.66,51.004,5.1946,-4.1946,0.0
91,800,10,4,1,1,0,65.927,115.411,0.7215,0.2785,0.0
91,1200,7,5,2,1,0,34.431,75.091,1.1809,-0.1809,0.0
91,1600,4,0,0,0,0,26.012,26.012,0.0,1.0,0.0
91,2000,4,0,0,0,0,26.012,26.012,0.0,1.0,0.0
92,100,12,12,5,3,1,0.46,16.722,2.0028,-1.0028,0.0
92,200,12,6,4,0,1,4.777,21.37,1.4918,-0.4918,0.0
92,300,12,9,5,2,1,-4.005,14.172,2.4905,-1.4905,0.0
92,450,12,5,2,0,0,-8.562,1.277,1.0129,-0.0129,0.0
92,600,7,2,1,1,0,47.987,51.889,0.0749,0.9251,0.0
92,800,6,5,2,2,0,-1.007,0.257,0.3432,0.6568,0.0
92,1200,6,2,1,1,0,22.325,25.129,0.118,0.882,0.0
92,1600,4,3,1,0,0,7.656,11.035,0.4189,0.5811,0.0
92,2000,3,1,1,0,0,11.885,12.357,0.038,0.962,0.0
93,100,12,8,3,2,1,47.097,66.907,0.3341,0.6659,0.0
93,200,12,9,4,2,1,141.986,204.618,0.3902,0.6098,0.0
93,300,12,7,6,0,1,39.831,70.63,0.4841,0.5159,0.0
93,450,12,9,7,2,0,43.163,71.43,0.5105,0.4895,0.0
93,600,9,5,3,1,0,1.76,10.246,0.9247,0.0753,0.0
93,800,7,3,2,1,0,55.781,62.301,0.1064,0.8936,0.0
93,1200,5,1,1,0,0,59.979,100.379,0.6736,0.3264,0.0
93,1600,4,0,0,0,0,12.247,12.247,0.0,1.0,0.0
93,2000,3,2,1,0,0,10.185,15.185,0.491,0.509,0.0
94,100,12,7,4,3,0,96.964,113.168,0.1555,0.8445,0.0
94,200,12,6,2,3,0,53.625,63.687,0.1582,0.8418,0.0
94,300,12,8,4,1,2,49.589,107.492,0.9735,0.0265,0.0
94,450,12,9,3,1,0,-6.42,53.929,5.7115,-4.7115,0.00191
94,600,10,7,4,2,1,55.312,68.716,0.2175,0.7825,0.0
94,800,8,7,3,2,1,-3.62,12.42,2.2019,-1.2019,0.0
94,1200,6,3,1,1,0,26.221,30.729,0.1719,0.8281,0.0
94,1600,5,2,0,2,0,33.284,39.49,0.1779,0.8221,0.0
94,2000,4,0,0,0,0,48.416,48.416,0.0,1.0,0.0
95,100,12,10,3,4,0,4.603,94.858,5.1479,-4.1479,0.0
95,200,12,8,2,5,0,295.95,346.211,0.1663,0.8337,0.0
95,300,12,8,4,3,0,250.758,259.355,0.0336,0.9664,0.0
95,450,12,5,3,1,0,6.068,13.555,0.6632,0.3368,0.0
95,600,11,8,4,2,1,96.291,106.708,0.1007,0.8993,0.0
95,800,9,6,2,1,0,2.088,10.514,1.0464,-0.0464,0.0
95,1200,6,2,1,1,0,18.914,19.778,0.0457,0.9543,0.0
95,1600,3,2,1,0,0,17.026,25.542,0.5002,0.4998,0.0
95,2000,3,2,0,1,0,2.457,14.552,2.9808,-1.9808,0.0
96,100,12,10,1,6,0,45.686,57.194,0.1849,0.8151,0.0
96,200,12,9,1,6,0,98.527,108.779,0.0896,0.9104,0.0
96,300,12,7,3,3,0,100.072,152.38,0.469,0.531,0.0
96,450,12,8,2,3,0,46.542,62.336,0.291,0.709,0.0
96,600,12,7,3,0,1,44.914,60.061,0.2365,0.7635,0.0
96,800,9,3,2,0,0,61.296,71.243,0.155,0.845,0.0
96,1200,8,6,2,2,0,28.035,120.616,3.3023,-2.3023,0.0
96,1600,6,3,2,1,0,14.38,20.261,0.3064,0.6936,0.0
96,2000,5,2,0,2,0,32.59,61.952,0.901,0.099,0.0
97,100,12,8,2,5,0,1.801,103.334,7.5292,-6.5292,0.0
97,200,12,8,5,2,1,3.3,104.971,8.045,-7.045,0.0
97,300,12,8,5,1,1,-2.632,66.494,5.445,-4.445,0.0
97,450,12,10,5,2,1,102.165,112.54,0.0915,0.9085,0.0
97,600,8,6,3,2,0,102.459,112.936,0.0973,0.9027,0.0
97,800,7,4,2,2,0,2.29,105.382,10.5962,-9.5962,0.0
97,1200,5,3,1,1,0,6.929,18.907,1.1115,-0.1115,0.00134
97,1600,4,0,0,0,0,6.83,6.83,0.0,1.0,0.0
97,2000,3,2,0,2,0,17.709,32.0,0.807,0.193,0.0
98,100,12,11,3,7,0,98.466,111.828,0.1187,0.8813,0.0
98,200,12,10,4,4,0,-0.911,26.153,2.5631,-1.5631,0.0
98,300,12,9,5,0,0,-2.872,18.868,1.8058,-0.8058,0.0
98,450,11,7,6,0,0,-1.705,31.784,3.0175,-2.0175,0.0
98,600,11,6,4,2,0,44.143,123.895,1.1938,-0.1938,0.0
98,800,10,6,4,0,1,3.692,67.85,5.2305,-4.2305,0.0
98,1200,7,3,2,0,0,0.703,14.677,1.7883,-0.7883,0.0
98,1600,6,4,1,0,0,7.103,14.048,0.8944,0.1056,0.0
98,2000,6,3,0,0,0,19.01,20.031,0.0514,0.9486,0.0
99,100,12,10,4,6,0,2.206,18.985,0.8823,0.1177,0.0
99,200,12,11,6,2,1,48.081,153.058,1.7181,-0.7181,0.0
99,300,12,8,3,2,0,98.874,113.594,0.1354,0.8646,0.0
99,450,12,6,1,2,1,100.034,107.099,0.0669,0.9331,0.0
99,600,12,9,4,1,3,148.114,171.54,0.1429,0.8571,0.0
99,800,10,9,4,1,1,101.899,165.903,0.6167,0.3833,0.0
99,1200,5,1,0,0,0,108.812,109.881,0.0098,0.9902,0.0
99,1600,3,1,0,0,0,11.677,11.71,0.0029,0.9971,0.0
99,2000,3,0,0,0,0,16.372,16.372,0.0,1.0,0.0
