sim,seed,final_cov,final_stair,final_found,total_survivors,completed,completion_step,stalled,deaths,hazard_deaths,battery_deaths,comms_deaths,trapped,peak_relays,relays_placed,radios_dropped,t_first_found,t_half_found,t_all_found,p50,p90,avg_ms,ground_avg,ground_p90,astar_max_avg,dist_avg,dist_p90,milp_avg,milp_max,milp_n,hold,ejects,wall_s,conn_ratio,sprt_accepted,sprt_redundancy
Fleet,21,99.8775,99.86013986013987,45,45,True,834,False,1,1,0,0,0,7,,,1,97,834,199.92591628339142,1261.078258487396,450.4973626851279,100.91377877549544,122.97457437030971,21.940942861338936,122.85472163683438,141.1646948917769,0.0,0.0,0,0,0,382.05561995506287,,,
Fleet,22,90.19,93.93530997304582,45,45,True,365,False,0,0,0,0,0,6,,,17,108,365,187.145970875863,242.66533320071176,207.38057232409483,130.20243129184624,135.2379299234599,20.57603971994508,150.7784710117913,157.35022546956316,0.0,0.0,0,0,0,69.97844791412354,,,
Fleet,23,97.94,95.88839941262849,45,45,True,490,False,0,0,0,0,124,7,,,1,92,490,153.84948240360245,224.57145035266876,167.7285388303717,118.19183787305276,124.87024969188496,12.880221689658356,131.0720595627111,148.72849573148414,0.0,0.0,0,0,0,77.76385045051575,,,
Fleet,24,99.0625,98.8716502115656,44,45,False,,True,3,0,3,0,0,7,,,9,69,-1,1036.2780543533154,1889.2800488788635,1007.299875258642,97.52464439471343,121.52155371382833,29.203424562085804,126.72806895679922,153.34740474820137,0.0,0.0,0,0,0,1321.3216888904572,,,
Fleet,25,99.76,93.96411092985318,43,45,False,,True,1,0,1,0,0,7,,,7,120,-1,571.4125639991835,2064.254690599628,943.2487877653845,85.52795206948352,117.0729180588387,29.590257508808197,115.11820957829171,146.1611717287451,0.0,0.0,0,0,0,1096.6863055229187,,,
Fleet,26,92.2975,99.19224555735056,45,45,True,394,False,0,0,0,0,170,6,,,1,104,394,181.28141664201394,200.10068544186652,188.57922135201684,129.15151342621053,136.440919584129,15.20921455510082,144.36072798131136,154.2365019558929,0.0,0.0,0,0,0,70.86610674858093,,,
Fleet,27,99.68249999999999,99.40564635958395,44,45,False,,True,0,0,0,0,38,7,,,1,57,-1,427.38189512165263,1609.3398218415678,773.1040320001124,103.67432779000539,126.72226078342646,24.16195012402438,127.83627791402978,146.1252658488229,0.0,0.0,0,0,0,801.9475758075714,,,
Fleet,28,94.83500000000001,98.67452135493373,45,45,True,475,False,0,0,0,0,116,6,,,1,97,475,151.8459746032022,275.6965420744382,170.80344127085118,122.51484790587953,139.76619949564338,13.55060024758374,136.06544815346325,172.09087461000308,0.0,0.0,0,0,0,75.55206942558289,,,
Fleet,29,99.225,92.3076923076923,45,45,True,640,False,0,0,0,0,20,7,,,17,120,640,183.9900535205379,599.8037028475665,260.7713056289933,112.970603877583,122.50328390160576,20.40298209662209,133.3735859742051,146.63776573725045,0.0,0.0,0,0,0,171.60271525382996,,,
Fleet,30,95.80499999999999,99.42028985507247,45,45,True,443,False,0,0,0,0,0,7,,,1,79,443,170.93120804056525,232.1054108790122,194.6377962336744,127.42763092621183,132.86859488580376,13.23741728333752,140.66504820954935,154.4825427979231,0.0,0.0,0,0,0,78.34709620475769,,,
Fleet,31,98.725,99.33155080213903,45,45,True,543,False,0,0,0,0,101,5,,,4,86,543,174.81578499544412,345.1946214796044,222.4973603363094,119.85344627674557,132.25103990873322,18.0247172703843,137.87816354712984,162.43941018357873,0.0,0.0,0,0,0,124.71788763999939,,,
Fleet,32,92.6925,98.6627043090639,45,45,True,429,False,0,0,0,0,0,7,,,1,112,429,150.4949542786926,193.2575639989227,173.1897524743895,118.35406748541303,129.62229765718803,15.419123147207923,133.77319063262095,151.40027925837785,0.0,0.0,0,0,0,65.84108877182007,,,
Fleet,33,99.8125,98.33333333333333,44,45,False,,True,6,0,6,0,42,7,,,5,186,-1,276.1606200085953,1476.766268722713,585.0167378391257,93.89163691959813,133.731271577999,26.33316959389702,120.22480651349514,151.0364612401463,0.0,0.0,0,0,0,748.4358859062195,,,
Fleet,34,94.0075,98.24046920821115,45,45,True,420,False,0,0,0,0,0,7,,,8,101,420,168.50169640034437,211.74371008994058,185.90487314554218,123.00956646810792,129.00565323187038,16.476855027973286,139.48642149608122,145.33256279537454,0.0,0.0,0,0,0,70.45452380180359,,,
Fleet,35,98.605,99.31129476584022,45,45,True,542,False,0,0,0,0,75,7,,,1,107,542,150.34111503744498,179.9575392017141,161.03907905107587,118.09403723656115,130.6492118560709,9.866259477487553,127.96029671404871,138.66284410702065,0.0,0.0,0,0,0,85.79653716087341,,,
Fleet,36,98.79,96.34002361275088,45,45,True,731,False,1,1,0,0,7,6,,,1,193,731,237.7352560334839,1041.5699747926556,405.0543300418099,111.95156967945513,130.90198080521077,26.931752695323667,138.8833223747788,158.6567603657022,0.0,0.0,0,0,0,297.44220209121704,,,
Fleet,37,99.7725,91.52086137281292,44,45,False,,True,0,0,0,0,157,5,,,1,106,-1,370.323082881514,1815.8445830014534,814.0571359178174,92.03625135026938,122.31659530894831,28.459029023618893,120.49528037388826,154.5079921069555,0.0,0.0,0,0,0,885.198255777359,,,
Fleet,38,95.48,93.34203655352479,45,45,True,436,False,0,0,0,0,0,6,,,1,95,436,165.61009363736957,334.3466015183367,197.02728521099306,118.59877748069941,128.15698782214895,20.11422715147664,138.71300463217602,154.01464463910088,0.0,0.0,0,0,0,79.0194764137268,,,
Fleet,39,94.905,99.61290322580645,45,45,True,443,False,0,0,0,0,90,5,,,9,125,443,178.03797960281372,241.45049648592249,188.64509241781047,130.2909942282713,147.31712153647095,14.603436599141721,144.894430827413,172.75198090123013,0.0,0.0,0,0,0,80.87663984298706,,,
Fleet,40,99.6075,99.23566878980891,45,45,True,784,False,0,0,0,0,151,6,,,16,92,784,228.18042170954868,853.6574271228164,381.7905278314659,114.87547860095826,155.28587637469172,21.258051198962374,136.13352979992064,164.77515476755798,0.0,0.0,0,0,0,304.0226855278015,,,
GNF,21,91.95750000000001,73.7062937062937,39,45,False,,True,26,26,0,0,13031,0,,,1,120,-1,47.10096091963351,156.84300172375515,79.38870656454917,64.87672574055452,133.19880915572867,2.1598019826552544,67.03652772320977,135.89573679259047,0.0,0.0,0,0,0,96.33482646942139,,,
GNF,22,89.3675,59.703504043126685,37,45,False,,True,23,23,0,0,18205,0,,,6,179,-1,38.4974499209784,144.46305552264675,67.80541875498027,57.286956485099836,119.71069913124666,2.179111526603871,59.466068011703705,122.63826521579176,0.0,0.0,0,0,0,84.78275728225708,,,
GNF,23,79.43,53.01027900146843,35,45,False,,True,24,24,0,0,32395,0,,,1,643,-1,28.105124721769243,101.7360486020334,64.42697681077783,54.55102338979829,82.74074719985947,1.5542763597194982,56.10529974951778,85.77857231488451,0.0,0.0,0,0,0,114.03925967216492,,,
GNF,24,54.525,19.746121297602258,21,45,False,,True,38,38,0,0,4539,0,,,8,-1,-1,8.557243768591434,123.67335035931319,57.603604584259024,49.584107928690976,104.39302964834496,1.2149583998900766,50.799066328581056,107.3799098120071,0.0,0.0,0,0,0,44.291181564331055,,,
GNF,25,89.83250000000001,73.5725938009788,40,45,False,,True,29,29,0,0,16158,0,,,10,306,-1,32.73403384722769,94.93592095561326,59.933297054856276,50.690526055099454,77.86479519680142,2.0206042321680453,52.7111302872675,80.69192899391055,0.0,0.0,0,0,0,87.26470923423767,,,
GNF,26,75.18,41.35702746365105,31,45,False,,True,32,32,0,0,10255,0,,,1,274,-1,18.134740726090968,157.08561367820948,71.55086637446985,61.16222917469619,131.26382783753797,1.2484169601334425,62.41064613482964,134.02423167834058,0.0,0.0,0,0,0,68.97069835662842,,,
GNF,27,69.2325,19.910846953937593,30,45,False,,True,33,33,0,0,13717,0,,,1,225,-1,17.446834119036794,100.09274596115574,54.406661460820736,47.46676042832061,84.71501039108261,1.2508415761525367,48.71760200447314,87.42608899017796,0.0,0.0,0,0,0,67.81779646873474,,,
GNF,28,89.8275,34.46244477172312,32,45,False,,True,36,36,0,0,6632,0,,,1,336,-1,32.299147236626595,106.19928357191384,66.57010160650619,54.92955187484919,87.73144159466028,1.9252588886153414,56.854810763464535,90.54610251681879,0.0,0.0,0,0,0,82.42001795768738,,,
GNF,29,93.38250000000001,48.16053511705686,37,45,False,,True,34,33,1,0,4784,0,,,7,255,-1,39.197450554929674,146.03891495848075,72.62515178647733,59.98945944923131,123.78451475175098,2.3679508665326043,62.357410315763914,126.58985499059781,0.0,0.0,0,0,0,79.9737319946289,,,
GNF,30,88.92750000000001,39.85507246376812,31,45,False,,True,31,29,2,0,21482,0,,,1,392,-1,22.658299165777862,79.22897356329486,51.339564742378094,43.33497359148063,64.58753452869132,1.7937942865429921,45.128767878023616,67.65537205152214,0.0,0.0,0,0,0,93.77450776100159,,,
GNF,31,80.6975,27.67379679144385,26,45,False,,True,35,35,0,0,8398,0,,,3,595,-1,50.94862216152251,166.06099103577435,75.51389085563447,63.31810326095994,136.66078745154664,1.7637387687800183,65.08184202973996,139.48155788704753,0.0,0.0,0,0,0,77.8839156627655,,,
GNF,32,78.9525,49.47994056463596,35,45,False,,True,30,30,0,0,9844,0,,,1,180,-1,49.99213435687125,185.33058071974665,86.00149832755915,71.8349253096067,154.21323289861903,2.1919406682697904,74.0268659778765,157.2373246960342,0.0,0.0,0,0,0,77.50184059143066,,,
GNF,33,83.46000000000001,67.96296296296296,37,45,False,,True,27,25,2,0,11651,0,,,13,155,-1,41.60093817161396,152.66972803510725,80.06905461808749,66.6971953148825,126.01839647162706,2.53024661825632,69.22744193313882,129.03947671642527,0.0,0.0,0,0,0,78.88260698318481,,,
GNF,34,85.00750000000001,63.34310850439883,42,45,False,,True,31,31,0,0,11124,0,,,4,179,-1,38.91397495754063,147.8531979979016,77.12776968124314,63.96221095574107,120.95374855678529,1.698386117946759,65.66059707368782,123.99690059246495,0.0,0.0,0,0,0,79.5571494102478,,,
GNF,35,91.78,27.685950413223143,29,45,False,,True,31,31,0,0,18127,0,,,1,518,-1,21.074354480952024,91.82197932386771,53.47125947837908,44.83784505106142,76.19625069200993,1.6290027198639638,46.46684777092538,79.15501500945538,0.0,0.0,0,0,0,108.37361431121826,,,
GNF,36,71.6575,57.02479338842975,32,45,False,,True,34,34,0,0,6338,0,,,1,374,-1,34.888969890307635,134.3337560398504,80.36284203172843,67.41448481944248,109.14036570116878,2.1288869865085682,69.54337180595104,112.16505964985117,0.0,0.0,0,0,0,81.01087093353271,,,
GNF,37,90.24,61.37281292059219,37,45,False,,True,26,26,0,0,9080,0,,,1,245,-1,37.51702383859083,162.75931692216545,87.24823558235352,73.366013889795,136.0258172848262,2.846563212895909,76.21257710269091,138.82060236297548,0.0,0.0,0,0,0,89.91766548156738,,,
GNF,38,82.16499999999999,71.01827676240208,38,45,False,,True,31,31,0,0,10164,0,,,1,184,-1,44.941612551920116,161.54600731329992,81.17061108539427,67.72227819837715,135.33980008447543,2.9799904565302784,70.70226865490743,138.3219672786072,0.0,0.0,0,0,0,93.64088487625122,,,
GNF,39,84.19,35.096774193548384,30,45,False,,True,14,14,0,0,20906,0,,,24,307,-1,53.80621959222481,150.74453255161643,87.72854211773569,72.65875722838877,127.5590939912945,2.5370740315663474,75.19583125995511,130.54500835714862,0.0,0.0,0,0,0,89.34489727020264,,,
GNF,40,84.3,45.605095541401276,35,45,False,,True,24,24,0,0,8243,0,,,3,217,-1,64.39437383553013,154.7405584412627,92.89130373376197,74.21622217216176,128.62649829592556,3.1417958966012103,77.35801806876299,131.7525469791144,0.0,0.0,0,0,0,110.89591932296753,,,
GNF-Shadow,21,94.1925,3.3566433566433567,27,45,False,,True,32,30,2,0,0,0,,,1,341,-1,62.964333961717784,163.68483828380704,90.34587918996675,69.74825855906894,135.65171043854207,2.8444262818616104,72.59268484093056,138.31708047306165,0.0,0.0,0,0,0,116.92467188835144,,,
GNF-Shadow,22,86.955,3.234501347708895,26,45,False,,True,34,34,0,0,0,0,,,6,374,-1,59.41614819224924,200.1532567664981,93.66731714884322,72.78190440136046,167.59529707953334,3.008136575178166,75.79004097653863,170.5461615161039,0.0,0.0,0,0,0,93.80278253555298,,,
GNF-Shadow,23,84.61999999999999,2.4963289280469896,27,45,False,,True,34,34,0,0,8500,0,,,1,460,-1,54.17820659931749,140.41265040403232,80.70035327234359,63.3525151292839,115.16248545143753,3.0586359252045856,66.41115105448849,118.11669973656535,0.0,0.0,0,0,0,118.30590987205505,,,
GNF-Shadow,24,63.575,2.1156558533145273,17,45,False,,True,40,40,0,0,0,0,,,7,-1,-1,38.738994884770364,181.8598017981276,97.31431424063582,80.81753383422135,153.45679928781465,3.216582407576425,84.03411624179778,156.5476167667657,0.0,0.0,0,0,0,54.165014028549194,,,
GNF-Shadow,25,95.74249999999999,3.915171288743882,27,45,False,,True,36,35,1,0,0,0,,,10,310,-1,29.245249154046178,156.63742100121453,69.90989236351028,55.73883039126203,128.86662821983919,2.9016001675179948,58.640430558780025,131.76577110309154,0.0,0.0,0,0,0,79.35749578475952,,,
GNF-Shadow,26,77.1825,2.7463651050080773,24,45,False,,True,41,41,0,0,0,0,,,1,337,-1,21.745173044037074,183.80660396069288,82.02221967563146,68.07040485428593,154.4539343751967,2.8210979705698374,70.89150282485575,157.1536241704598,0.0,0.0,0,0,0,70.25640821456909,,,
GNF-Shadow,27,68.8675,2.9717682020802374,23,45,False,,True,40,40,0,0,0,0,,,1,538,-1,36.1329352715984,137.6068625599146,70.18435694795946,58.593246008238594,115.03673624712974,2.3307986024129033,60.92404461065149,117.87472556810826,0.0,0.0,0,0,0,71.10033631324768,,,
GNF-Shadow,28,84.765,3.0927835051546393,26,45,False,,True,39,38,1,0,0,0,,,1,346,-1,41.11811343813315,117.12035240372643,79.61400267092195,63.25408967099403,96.34997667511925,2.9167171602157747,66.1708068312098,99.21284715877846,0.0,0.0,0,0,0,97.54335594177246,,,
GNF-Shadow,29,79.42,2.842809364548495,27,45,False,,True,38,37,1,0,0,0,,,7,405,-1,72.00584791600704,195.9410390886478,103.24469996691955,83.11776472426837,166.26366899814457,2.926841788027651,86.04460651229601,169.15823471732438,0.0,0.0,0,0,0,95.0646562576294,,,
GNF-Shadow,30,87.395,3.3333333333333335,24,45,False,,True,38,32,6,0,0,0,,,1,454,-1,53.65671815350652,115.04347244277596,78.94430323377794,58.68844104595155,92.1815000101924,3.0896261930774926,61.77806723902904,95.17881241161376,0.0,0.0,0,0,0,102.72351694107056,,,
GNF-Shadow,31,77.6125,2.406417112299465,22,45,False,,True,37,37,0,0,5800,0,,,3,826,-1,52.65891732648015,182.7176000457257,78.81067554631184,64.53038652586004,151.30748421652243,2.943052206246648,67.47343873210669,154.12788085872307,0.0,0.0,0,0,0,94.31637287139893,,,
GNF-Shadow,32,82.565,2.9717682020802374,24,45,False,,True,33,31,2,0,0,0,,,1,410,-1,79.19191572116688,190.03778380108997,107.71491948538501,84.2124164884238,157.2210148209706,3.1150464528588686,87.32746294128266,160.27411858318374,0.0,0.0,0,0,0,102.56449675559998,,,
GNF-Shadow,33,84.69250000000001,4.444444444444445,26,45,False,,True,33,29,4,0,0,0,,,13,268,-1,72.24653208395466,186.9326631189324,105.12349140723623,81.81255153934958,155.70155969355255,3.1588879038195015,84.97143944316909,158.74211313202977,0.0,0.0,0,0,0,99.86088848114014,,,
GNF-Shadow,34,82.155,3.225806451612903,26,45,False,,True,40,40,0,0,0,0,,,4,348,-1,65.95590967219323,189.96603132225573,93.59700228713434,73.74875067927056,156.52997859520838,3.1740161429256752,76.92276682219622,159.74160603713244,0.0,0.0,0,0,0,90.61448574066162,,,
GNF-Shadow,35,83.995,2.8925619834710745,24,45,False,,True,40,40,0,0,0,0,,,1,930,-1,28.46890991088003,101.65274055674672,65.11359232789208,51.836280491976176,83.49923472851515,3.0021152612596147,54.83839575323579,86.44619060913101,0.0,0.0,0,0,0,112.78088521957397,,,
GNF-Shadow,36,67.78999999999999,2.479338842975207,22,45,False,,True,40,40,0,0,0,0,,,1,951,-1,33.02290415856987,142.50544040231034,70.74151911742167,57.66378231863655,116.85106512857601,3.1604360000892484,60.8242183187258,119.94645876344293,0.0,0.0,0,0,0,90.18454217910767,,,
GNF-Shadow,37,90.4975,3.2301480484522207,25,45,False,,True,38,38,0,0,0,0,,,1,404,-1,38.22849619900808,174.499246601481,78.3838960105384,60.51008237792395,141.1085382802412,2.983065352010021,63.49314772993397,143.94743808778003,0.0,0.0,0,0,0,112.12325882911682,,,
GNF-Shadow,38,77.5925,2.741514360313316,29,45,False,,True,40,40,0,0,0,0,,,1,145,-1,57.10178368259221,236.03228515479714,100.90241302150869,82.5836609386931,198.75224390998483,2.955198950700953,85.53885988939405,201.63054415024817,0.0,0.0,0,0,0,85.26398658752441,,,
GNF-Shadow,39,91.6825,3.096774193548387,27,45,False,,True,33,32,1,0,9600,0,,,24,351,-1,47.52875512233004,136.02752435952425,74.4033389670643,59.47388711112151,113.14687635516748,2.7996545586382777,62.273541669759794,116.22424139641225,0.0,0.0,0,0,0,100.73759984970093,,,
GNF-Shadow,40,88.7525,3.0573248407643314,27,45,False,,True,33,33,0,0,0,0,,,3,329,-1,43.92742475960404,168.5695413616486,82.76126987007223,65.42516056745556,140.41479682549834,2.62616658727441,68.05132715472998,143.54519181884825,0.0,0.0,0,0,0,94.7367467880249,,,
GNF-Risk,21,99.5,90.76923076923077,43,45,False,,True,25,23,2,0,15575,0,,,1,120,-1,51.57329167705029,195.53770984057337,89.45227162773853,69.31610747443115,148.28423821367323,7.431808612584787,76.74791608701595,157.81948407180607,0.0,0.0,0,0,0,114.57404637336731,,,
GNF-Risk,22,98.04,75.47169811320755,43,45,False,,True,24,21,3,0,16899,0,,,6,194,-1,89.25720704486594,207.09765492239967,112.76915857625359,86.4968447883739,165.48854717286304,5.536303865309391,92.0331486536833,175.70424588629976,0.0,0.0,0,0,0,152.93322205543518,,,
GNF-Risk,23,94.915,91.33627019089575,44,45,False,,True,15,15,0,0,30615,0,,,1,315,-1,55.750781435053796,149.35980016365647,94.4712784761677,74.75332232243127,119.67727159149945,6.58326710490782,81.33658942733909,128.29331892775372,0.0,0.0,0,0,0,134.21824264526367,,,
GNF-Risk,24,97.715,69.81664315937941,34,45,False,,True,27,26,1,0,20011,0,,,8,207,-1,33.8710746797733,196.83651380473748,76.39312110846518,56.16284527885098,139.8318610084243,8.389010896063557,64.55185617491455,156.7949027987197,0.0,0.0,0,0,0,116.59303665161133,,,
GNF-Risk,25,99.185,90.0489396411093,42,45,False,,True,21,21,0,0,21194,0,,,10,206,-1,48.741413441020995,167.89382612332702,82.06722546933828,65.35922274492746,133.29097388777882,4.510107251051848,69.86932999597931,144.43336276570335,0.0,0.0,0,0,0,112.659921169281,,,
GNF-Risk,26,94.24,87.39903069466882,45,45,True,862,False,13,13,0,0,8283,0,,,1,202,862,130.7153682014905,249.91757712559775,164.17843953918918,120.70529834330748,212.05530843697488,11.668556845752477,132.37385518905995,220.3465440776199,0.0,0.0,0,0,0,119.12344717979431,,,
GNF-Risk,27,94.645,46.50817236255572,38,45,False,,True,24,24,0,0,14751,0,,,1,164,-1,73.8688105205074,215.64617576543242,112.54122822355792,83.45608519122939,162.47653825907037,9.613998498061429,93.07008368929081,186.15270598093048,0.0,0.0,0,0,0,138.55108642578125,,,
GNF-Risk,28,97.46249999999999,70.10309278350515,41,45,False,,True,31,25,6,0,14200,0,,,1,247,-1,38.379043561872095,170.9918803558685,82.21793054367123,63.875050098191934,125.14398676576093,5.6292373106451565,69.50428740883709,145.65671051386744,0.0,0.0,0,0,0,110.26723790168762,,,
GNF-Risk,29,98.895,53.84615384615385,36,45,False,,True,26,23,3,0,4663,0,,,7,175,-1,72.19398863613605,241.76915447693318,108.30923101180713,83.54358050928877,185.93124707462266,7.775615621228118,91.31919613051689,201.86314071528614,0.0,0.0,0,0,0,101.5852382183075,,,
GNF-Risk,30,93.50500000000001,40.14492753623188,32,45,False,,True,13,12,1,0,14994,0,,,1,177,-1,77.23945344565436,256.2846115208231,132.98880053589704,104.18578022976436,194.4764450378716,7.205698305707353,111.39147853547172,212.95202263863757,0.0,0.0,0,0,0,111.36387157440186,,,
GNF-Risk,31,96.145,53.07486631016043,32,45,False,,True,32,27,5,0,8892,0,,,3,304,-1,58.555655444506556,217.21314715454355,92.43675107366731,72.16794346033765,149.01496180566028,5.457816435682066,77.62575989601972,158.94007678842172,0.0,0.0,0,0,0,103.98695087432861,,,
GNF-Risk,32,92.16499999999999,84.39821693907875,40,45,False,,True,21,20,1,0,12445,0,,,1,177,-1,58.95860363729298,230.33298431895673,103.54528834206032,81.71040703554212,181.20438443263993,6.815791216076646,88.52619825161875,198.6446595028974,0.0,0.0,0,0,0,101.97318172454834,,,
GNF-Risk,33,96.4525,85.37037037037038,41,45,False,,True,8,7,1,0,19821,0,,,13,152,-1,90.71517259581015,250.2918244432658,135.87670317261873,105.04632273835313,191.99698391603306,6.49286284841329,111.53918558676642,204.10037135705352,0.0,0.0,0,0,0,161.2071874141693,,,
GNF-Risk,34,96.1325,66.71554252199414,42,45,False,,True,12,12,0,0,25570,0,,,4,148,-1,61.53136120410636,176.64884228259325,104.15721650530423,80.14299841005301,143.22657756507397,6.369424400322784,86.5124228103758,149.33234376367182,0.0,0.0,0,0,0,144.3743839263916,,,
GNF-Risk,35,98.785,76.72176308539946,41,45,False,,True,16,15,1,0,17202,0,,,1,200,-1,77.16439460404217,224.32634303811938,114.34582016233784,91.03296585320771,172.5826691580005,5.6984322420966915,96.7313980953044,190.01643775962293,0.0,0.0,0,0,0,124.03335976600647,,,
GNF-Risk,36,98.695,86.18654073199528,43,45,False,,True,26,23,3,0,18608,0,,,1,294,-1,64.48415119899437,200.58497556252405,107.86683776053317,80.48894802398142,166.89670148538426,8.671176348455523,89.16012437243695,169.87675064709038,0.0,0.0,0,0,0,156.48354315757751,,,
GNF-Risk,37,99.4075,88.82907133243607,43,45,False,,True,26,25,1,0,18975,0,,,1,186,-1,38.878989841323346,185.9321002359502,86.11728225402226,68.36994117583151,151.12424667924643,7.227563265670794,75.59750444150231,157.91200408246368,0.0,0.0,0,0,0,117.47689509391785,,,
GNF-Risk,38,99.09,65.79634464751958,36,45,False,,True,25,25,0,0,11899,0,,,1,199,-1,124.51858924003318,191.8949057185091,143.5018204031187,83.98845794495705,119.44962290115654,15.479964473970949,99.46842241892801,150.20252038026229,0.0,0.0,0,0,0,240.94939613342285,,,
GNF-Risk,39,94.4875,40.38709677419355,35,45,False,,True,28,28,0,0,23401,0,,,24,303,-1,25.715945239644498,145.7498754747212,72.2100298993934,58.18283181648235,120.04716388415545,4.524157081217378,62.70698889769973,125.06825552787632,0.0,0.0,0,0,0,118.18093705177307,,,
GNF-Risk,40,99.13250000000001,66.36942675159236,42,45,False,,True,22,19,3,0,7133,0,,,3,198,-1,87.1740843122825,256.80220956215635,129.04342997959503,96.23250703324686,195.96677297027782,5.793233490557464,102.02574052380433,216.32850180845708,0.0,0.0,0,0,0,198.31943154335022,,,
ACHORD-insp,21,99.7525,93.98601398601399,43,45,False,,True,36,36,0,0,0,0,,7,1,103,-1,35.218148683197796,171.67619380168617,84.64800607909571,65.36036137221714,141.4415780757554,2.726854444327829,68.08721581654498,144.24857419217005,0.0,0.0,0,0,0,129.51516580581665,,,
ACHORD-insp,22,90.4125,69.2722371967655,43,45,False,,True,33,33,0,0,0,0,,7,6,150,-1,56.81187380570918,161.267602997832,91.28480292905049,71.3105548925023,133.37584021966904,2.857301452422689,74.16785634492499,136.34972625179216,0.0,0.0,0,0,0,122.65544486045837,,,
ACHORD-insp,23,79.2175,84.87518355359765,38,45,False,,True,24,24,0,0,4,0,,8,1,304,-1,122.57274515694007,148.85785395279527,143.45788746489785,112.24129411257893,123.67148622637615,2.874439834896619,115.11573394747555,126.56637710984796,0.0,0.0,0,0,0,170.28829169273376,,,
ACHORD-insp,24,62.81,66.00846262341325,33,45,False,,True,38,37,1,0,17,0,,7,8,221,-1,54.10232684807852,167.48706980142742,97.59583060628677,81.02031082157632,140.60964389238507,2.939206862520842,83.95951768409716,143.53845860809088,0.0,0.0,0,0,0,95.83668160438538,,,
ACHORD-insp,25,91.7475,89.39641109298532,42,45,False,,True,33,33,0,0,0,0,,6,10,148,-1,49.939091440755874,160.58392646955326,78.94094272841595,63.42805339204872,129.29102380992845,2.815695750544626,66.24374914259334,132.10591664537787,0.0,0.0,0,0,0,119.50604915618896,,,
ACHORD-insp,26,80.5725,74.79806138933765,38,45,False,,True,38,38,0,0,512,0,,5,1,133,-1,49.363218599464744,191.45066099474207,106.15442296372326,85.67292131598639,161.1655093752779,2.7395298208522436,88.41245113683864,163.81145260762423,0.0,0.0,0,0,0,111.59940266609192,,,
ACHORD-insp,27,79.0775,72.95690936106983,36,45,False,,True,34,34,0,0,111,0,,6,1,162,-1,86.20452471775934,144.64049080619588,115.38492459861172,91.17337124756887,116.80365228792652,2.857442778662445,94.03081402623131,119.62031968403608,0.0,0.0,0,0,0,172.64214253425598,,,
ACHORD-insp,28,90.64,67.0103092783505,41,45,False,,True,39,38,1,0,1,0,,7,1,226,-1,35.25316052604467,109.47910063201562,67.99703197063901,53.97066816822911,87.13504655053839,2.751291570489939,56.72195973871904,90.02077115699649,0.0,0.0,0,0,0,109.93602442741394,,,
ACHORD-insp,29,87.86,58.19397993311036,41,45,False,,True,37,36,1,0,1,0,,7,7,130,-1,44.45278908358887,169.37778860330582,90.52653279124449,74.83348369751022,144.0285511338152,2.4141651345675603,77.24764883207779,146.97480553528294,0.0,0.0,0,0,0,77.96517539024353,,,
ACHORD-insp,30,87.7425,100.0,42,45,False,,True,33,32,1,0,14,0,,7,1,135,-1,34.64002140564844,136.7413999605924,72.99328622009118,58.59109560749226,108.79177264869213,2.863908331217459,61.45500393870971,111.79935171967372,0.0,0.0,0,0,0,148.12902855873108,,,
ACHORD-insp,31,78.9325,71.3903743315508,37,45,False,,True,36,36,0,0,1,0,,4,3,151,-1,80.5219124397263,199.34241316048428,102.01075159809358,82.99442154347585,167.56075196899474,2.920913335453952,85.91533487892981,170.44658053200692,0.0,0.0,0,0,0,105.08191394805908,,,
ACHORD-insp,32,87.47749999999999,100.0,44,45,False,,True,30,28,2,0,15,0,,7,1,115,-1,109.97160699451342,200.3640853986144,145.44224139105847,111.52215886693894,167.01466952916235,2.9861475289130506,114.50830639585199,169.98884925153106,0.0,0.0,0,0,0,147.05245876312256,,,
ACHORD-insp,33,84.05749999999999,75.92592592592592,41,45,False,,True,33,33,0,0,6,0,,8,13,114,-1,70.72001703083515,174.42743711639196,99.75785356006497,79.75857693884305,145.48527014208958,3.121585409571515,82.88016234841456,148.5064598172903,0.0,0.0,0,0,0,133.25061202049255,,,
ACHORD-insp,34,87.24499999999999,100.0,45,45,True,1046,False,34,34,0,0,0,0,,6,4,177,1046,94.73909851862118,201.51213544188067,131.35327228786153,102.24352414191733,167.83748980145901,2.994335359733899,105.23785950165124,170.7397685549222,0.0,0.0,0,0,0,115.12944722175598,,,
ACHORD-insp,35,89.8375,100.0,45,45,True,1617,False,34,34,0,0,0,0,,6,1,193,1617,60.41916819754988,148.31376628018916,101.83840229847164,78.67576790737729,123.01390739856288,2.984363292461822,81.6601311998391,126.0254797944799,0.0,0.0,0,0,0,142.8029260635376,,,
ACHORD-insp,36,69.2325,53.60094451003542,27,45,False,,True,35,35,0,0,1,0,,4,1,279,-1,57.03686547698453,174.56253008218482,112.47696031300681,92.5359020296261,149.39993243664503,3.042795152650797,95.5786971822769,152.38353359047323,0.0,0.0,0,0,0,89.35320496559143,,,
ACHORD-insp,37,96.02000000000001,79.00403768506057,42,45,False,,True,31,30,1,0,0,0,,5,1,165,-1,66.94361155852675,201.75573564134538,110.80361842505174,88.66315451878327,169.38427484361455,2.9702211125462368,91.63337563132951,172.36398248933256,0.0,0.0,0,0,0,106.69719529151917,,,
ACHORD-insp,38,77.8725,73.89033942558747,37,45,False,,True,35,34,1,0,12,0,,5,1,108,-1,94.28348223911598,180.72296132799238,120.94372325278924,96.5686093917942,151.8635792355053,2.9214977997789076,99.4901071915731,154.90113843465224,0.0,0.0,0,0,0,142.9583921432495,,,
ACHORD-insp,39,87.5375,73.16129032258064,37,45,False,,True,31,31,0,0,236,0,,7,24,130,-1,101.15547472378239,243.87361848028377,139.9550162514944,108.0898851383487,187.3519107652828,3.0050310714085797,111.0949162097573,190.34518480300903,0.0,0.0,0,0,0,175.7190625667572,,,
ACHORD-insp,40,87.7275,92.48407643312102,44,45,False,,True,36,36,0,0,0,0,,7,3,190,-1,59.15447803447023,138.0886098742485,90.20111545068845,68.75072155544039,113.0196580896154,3.0117260120938067,71.76244756753421,116.15304085193202,0.0,0.0,0,0,0,136.91834425926208,,,
ACHORD-Risk,21,99.49,99.86013986013987,45,45,True,998,False,22,22,0,0,8,0,,7,1,103,998,145.7862244360149,250.61923295725137,164.79336015800072,125.9201660333274,205.5354397278279,8.770261282831296,134.69042731615872,218.92312256852165,0.0,0.0,0,0,0,141.13701820373535,,,
ACHORD-Risk,22,98.5375,100.0,44,45,False,,True,34,33,1,0,7,0,,7,6,141,-1,90.45486784540117,214.85648931469768,120.8785121325722,86.05587800987725,169.44036778062582,5.096504996704883,91.15238300658213,179.59469890221953,0.0,0.0,0,0,0,235.20774602890015,,,
ACHORD-Risk,23,81.0325,100.0,45,45,True,644,False,7,7,0,0,4,0,,8,1,226,644,231.2855046801269,315.3025981131941,264.0280423230583,206.56156237809532,258.4230413613841,10.534484586387407,217.09604696448272,277.43005784461275,0.0,0.0,0,0,0,151.96268033981323,,,
ACHORD-Risk,24,99.1275,99.4358251057828,43,45,False,,True,30,28,2,0,120,0,,7,8,105,-1,99.17289231205359,258.90909280627966,140.70434993121341,99.06521336028074,186.85377426445484,10.686114619163506,109.75132797944424,213.3656066004187,0.0,0.0,0,0,0,189.74649119377136,,,
ACHORD-Risk,25,99.4725,80.2610114192496,42,45,False,,True,34,33,1,0,0,0,,7,10,148,-1,70.62439871951938,281.0696344007738,117.9102450920715,90.27345342282011,207.15591019485146,6.392311869860472,96.66576529268059,229.72374211298302,0.0,0.0,0,0,0,122.28767681121826,,,
ACHORD-Risk,26,98.845,95.63812600969305,45,45,True,1104,False,30,30,0,0,263,0,,6,1,123,1104,129.40858812304214,272.6013440382667,162.76923662170992,120.17835870041098,225.2900582482107,9.923829168633178,130.10218786904417,237.81523352954537,0.0,0.0,0,0,0,158.37374877929688,,,
ACHORD-Risk,27,93.7825,100.0,44,45,False,,True,26,26,0,0,104,0,,6,1,130,-1,126.83737612562254,340.1436221203767,177.4889349732643,129.4816696809345,231.61822887370363,9.669533287607399,139.1512029685419,261.0562274744734,0.0,0.0,0,0,0,192.72650623321533,,,
ACHORD-Risk,28,87.925,90.86892488954345,45,45,True,654,False,22,22,0,0,0,0,,7,1,219,654,151.45530109060928,301.70995223801583,208.31885432226247,161.18708987573353,243.56096633477136,9.027840146873244,170.2149300226068,262.72437697742134,0.0,0.0,0,0,0,116.09868502616882,,,
ACHORD-Risk,29,99.47500000000001,70.5685618729097,42,45,False,,True,35,33,2,0,0,0,,7,7,116,-1,63.55538268573582,248.56082192156464,101.79986627234487,76.16812500974007,185.6299894116819,8.035524019838967,84.20364902957904,211.34430188685656,0.0,0.0,0,0,0,108.97349715232849,,,
ACHORD-Risk,30,87.25500000000001,99.42028985507247,45,45,True,690,False,20,20,0,0,9,0,,7,1,107,690,172.5953200040385,338.67012116359547,210.41229077077463,161.70323672452167,273.54578422382474,10.039831611741517,171.74306833626318,291.3491345150396,0.0,0.0,0,0,0,123.80170512199402,,,
ACHORD-Risk,31,83.97,100.0,45,45,True,605,False,13,13,0,0,2,0,,6,3,150,605,168.5959811648354,272.394044327084,203.542121121559,159.64412715544458,233.62911307718605,9.063922906364315,168.7080500618089,240.83336720475927,0.0,0.0,0,0,0,104.36894917488098,,,
ACHORD-Risk,32,93.2875,100.0,45,45,True,1042,False,23,20,3,0,0,0,,7,1,113,1042,128.46335147274658,247.28260127594694,166.07821591100506,126.3486210407947,195.58359545189887,6.8400717789925345,133.18869281978724,210.60802268562838,0.0,0.0,0,0,0,150.09954690933228,,,
ACHORD-Risk,33,99.235,75.92592592592592,44,45,False,,True,25,25,0,0,7,0,,8,13,108,-1,131.3332332787104,292.378322025761,175.00639626433474,130.16357448417514,240.81778100691736,6.344571348468709,136.50814583264386,248.27676139771938,0.0,0.0,0,0,0,211.0490345954895,,,
ACHORD-Risk,34,82.8075,96.18768328445748,45,45,True,592,False,14,14,0,0,0,0,,6,4,133,592,216.1339201661758,299.5632234867662,247.84995519078723,196.46463991276607,254.735727282241,7.951226984316438,204.4158668970825,263.3794475556351,0.0,0.0,0,0,0,125.86144924163818,,,
ACHORD-Risk,35,89.2775,100.0,45,45,True,578,False,13,13,0,0,0,0,,7,1,160,578,159.5521070389077,327.00226007960737,228.45550398411433,181.21682151064712,265.9947139280848,7.643559658471431,188.86038116911854,287.8126073698513,0.0,0.0,0,0,0,113.18881392478943,,,
ACHORD-Risk,36,88.9575,98.93742621015348,45,45,True,657,False,16,16,0,0,0,0,,6,1,218,657,167.43293476989493,355.0064737559296,221.84710760489838,173.6908339637685,287.47837172821164,9.051814999371727,182.74264896314023,299.16162189329043,0.0,0.0,0,0,0,126.07392930984497,,,
ACHORD-Risk,37,99.81,90.30955585464334,43,45,False,,True,36,36,0,0,0,0,,5,1,117,-1,90.01862324308604,245.4037885996513,129.54917458997258,98.21836842068149,190.74448911705986,8.001535739492375,106.21990416017387,206.617261080537,0.0,0.0,0,0,0,124.46510362625122,,,
ACHORD-Risk,38,96.5875,87.85900783289817,42,45,False,,True,40,39,1,0,6,0,,5,1,86,-1,45.741363312117755,190.59737059287727,94.45595641537544,67.31419410784211,127.17682489193976,13.482719196527936,80.79691330437005,148.29380445415154,0.0,0.0,0,0,0,152.61325526237488,,,
ACHORD-Risk,39,93.11500000000001,100.0,45,45,True,829,False,14,14,0,0,236,0,,7,24,130,829,198.6959383939393,287.3354681651108,201.46945090834325,157.31143317508054,247.23875046038302,6.44550250903943,163.75693568411995,253.70566587662324,0.0,0.0,0,0,0,150.27122735977173,,,
ACHORD-Risk,40,94.9025,71.3375796178344,42,45,False,,True,17,14,3,0,20,0,,7,3,187,-1,168.1745250429958,289.9736952059902,204.12577748269746,152.91049825699037,242.32051698956639,6.848043842992087,159.75854209998246,249.83130675042048,0.0,0.0,0,0,0,215.25271773338318,,,
RITAGS-insp,21,99.08500000000001,66.85314685314685,35,45,False,,True,11,10,1,0,21916,0,,,1,146,-1,70.96463472349569,212.80451647238806,106.20779879190539,83.90796560303231,179.01112808380276,5.489627041170024,89.39759264420233,185.15377724077553,0.0,0.0,0,0,0,131.97011160850525,,1578,751
RITAGS-insp,22,98.4,75.33692722371967,43,45,False,,True,22,20,2,0,17498,0,,,6,148,-1,110.48295619897544,253.53743727784604,144.59462040810158,95.89106288065982,204.9998629768379,16.120759414433003,112.01182229509283,216.91588817397133,0.0,0.0,0,0,0,181.35338354110718,,1435,7
RITAGS-insp,23,95.33,82.37885462555066,43,45,False,,True,19,18,1,0,24478,0,,,1,340,-1,61.31546328077093,184.27619088441133,103.80957489599402,83.79407950988255,127.66842927783728,5.741348943038142,89.53542845292068,151.13342290744185,0.0,0.0,0,0,0,123.23811769485474,,1420,566
RITAGS-insp,24,89.805,63.469675599435824,35,45,False,,True,27,25,2,0,12237,0,,,8,205,-1,44.38701595645398,238.44656736357138,104.39636272380031,78.75530730133919,169.3142565060407,10.162713777035771,88.91802107837496,180.88197318371385,0.0,0.0,0,0,0,115.35837292671204,,1012,203
RITAGS-insp,25,98.8425,94.45350734094616,42,45,False,,True,22,21,1,0,33371,0,,,10,211,-1,54.648482794873416,147.6691579585895,83.50052500961664,68.8543523985591,122.97831888776273,3.818194560286724,72.67254695884583,125.60168033465743,0.0,0.0,0,0,0,134.39790153503418,,1946,1567
RITAGS-insp,26,98.055,60.096930533117934,38,45,False,,True,25,25,0,0,14142,0,,,1,166,-1,59.55393411451951,209.67265744693577,110.49432202827866,84.87666552426933,161.69310365337878,5.749924268578735,90.62658979284805,178.95105365430936,0.0,0.0,0,0,0,156.9302155971527,,1461,744
RITAGS-insp,27,97.98249999999999,41.01040118870728,36,45,False,,True,26,25,1,0,10200,0,,,1,238,-1,83.92101816134527,232.7790314052254,136.6760863422622,98.60796076491309,180.13032011687756,13.610005736071543,112.21796650098463,197.12215543957427,0.0,0.0,0,0,0,149.79054427146912,,1107,401
RITAGS-insp,28,87.74,83.50515463917526,45,45,True,851,False,5,5,0,0,9193,0,,,1,192,851,130.6088984804228,280.6878152000718,181.02083072780044,128.06852853464494,211.0301071079448,27.3939793257076,155.46250786035256,234.54543646192178,0.0,0.0,0,0,0,130.1442711353302,,1009,198
RITAGS-insp,29,97.00750000000001,41.97324414715719,32,45,False,,True,24,21,3,0,8070,0,,,7,175,-1,84.16975299594924,232.32431060168892,127.03479070522465,98.68913117711617,193.49451372399926,6.590604941450709,105.27973611856687,204.02936840197071,0.0,0.0,0,0,0,138.65373539924622,,1242,92
RITAGS-insp,30,90.68,50.289855072463766,33,45,False,,True,13,12,1,0,15381,0,,,1,206,-1,81.85562635306269,268.42011391650885,135.43240770215763,106.88157517842329,210.91535882791504,6.630200285817409,113.5117754642407,226.9739136332646,0.0,0.0,0,0,0,134.61612057685852,,1220,755
RITAGS-insp,31,97.3,71.3903743315508,37,45,False,,True,24,24,0,0,16749,0,,,3,177,-1,47.66814335482195,229.67736528255045,96.8755576509585,77.75344581529565,161.36849148198962,4.936929720861372,82.69037553615702,180.21234936779365,0.0,0.0,0,0,0,114.2515561580658,,1255,1293
RITAGS-insp,32,98.6025,97.91976225854383,44,45,False,,True,30,26,4,0,15614,0,,,1,174,-1,66.91735675558448,206.5220980066806,97.12658175240564,74.46155208422509,149.2996521340683,7.099250755674289,81.5608028398994,168.6539176478982,0.0,0.0,0,0,0,129.54275751113892,,1347,272
RITAGS-insp,33,99.59,95.92592592592592,44,45,False,,True,26,24,2,0,24305,0,,,13,147,-1,77.8716694470495,220.0210305280052,114.74403598894118,80.77814331630805,159.2224309593439,11.57674141162925,92.35488472793729,176.604775513988,0.0,0.0,0,0,0,204.08737421035767,,1912,1324
RITAGS-insp,34,97.355,75.65982404692082,42,45,False,,True,19,19,0,0,16902,0,,,4,151,-1,72.91975755710155,212.46288480702788,119.02880305457953,92.16574646537553,169.89366729045287,6.871360344514545,99.03710680989008,183.6584191233851,0.0,0.0,0,0,0,144.370689868927,,1437,195
RITAGS-insp,35,99.6575,83.60881542699724,42,45,False,,True,14,14,0,0,35417,0,,,1,214,-1,49.18176783481613,153.71977844042704,90.29199735605896,74.10057476098618,128.92394720809534,4.065707922443725,78.1662826834299,131.6137914126739,0.0,0.0,0,0,0,171.52261924743652,,2206,339
RITAGS-insp,36,98.50750000000001,89.25619834710744,43,45,False,,True,27,24,3,0,17207,0,,,1,309,-1,59.43389815976843,203.49725139560178,109.81485322975952,84.52075869836179,169.45742228301242,6.042300051622858,90.56305874998465,172.4825372453779,0.0,0.0,0,0,0,164.84799909591675,,1542,107
RITAGS-insp,37,96.75,77.65814266487214,40,45,False,,True,22,22,0,0,11689,0,,,1,154,-1,63.84642260381952,217.95054140035063,112.80624864954474,90.85677725345587,183.33793587051332,5.285531067060313,96.1423083205162,187.21149794524536,0.0,0.0,0,0,0,119.26538014411926,,1110,172
RITAGS-insp,38,98.86500000000001,62.793733681462136,38,45,False,,True,35,31,4,0,13237,0,,,1,159,-1,78.99079598719254,189.52158118830994,106.20502081004052,80.46651573511082,135.45126641634852,4.969846974864771,85.4363627099756,145.30143081909046,0.0,0.0,0,0,0,187.44845938682556,,1625,226
RITAGS-insp,39,98.39750000000001,45.935483870967744,35,45,False,,True,16,16,0,0,23866,0,,,24,287,-1,70.2925946842879,228.39906747452915,111.43531515282423,84.05708015908804,170.19668413791806,10.151577131257309,94.20865729034536,199.26680714124814,0.0,0.0,0,0,0,134.8948094844818,,1458,448
RITAGS-insp,40,98.9475,69.29936305732484,42,45,False,,True,18,15,3,0,8357,0,,,3,197,-1,104.1114324470982,309.7733192448504,171.6065472212967,131.21457081840873,258.9081198372878,6.849300014957877,138.06387083336662,268.5358225204982,0.0,0.0,0,0,0,182.57287168502808,,1268,75
CARA-2022,21,90.145,73.7062937062937,39,45,False,,True,25,25,0,0,13018,0,12,,1,120,-1,91.19991331826895,161.97644451400265,113.99507516464736,61.760132967332744,134.71749627497047,20.85774809275689,82.61788106008963,137.58726371219382,0.0,0.0,0,0,0,147.6381070613861,,,
CARA-2022,22,88.97749999999999,59.703504043126685,37,45,False,,True,23,23,0,0,15511,0,14,,6,180,-1,48.784125284291804,148.94025040557608,77.68770257828085,51.11909946871492,122.78467749943957,2.886860811843993,54.00596028055892,125.80294374376535,0.0,0.0,0,0,0,100.38877534866333,,,
CARA-2022,23,77.3125,20.704845814977972,26,45,False,,True,22,22,0,0,33855,0,20,,1,643,-1,53.1349254027009,105.4529827600345,79.46027117155845,47.436502636305,81.71356172533706,16.48141774415049,63.917920380455485,84.63123153429478,0.0,0.0,0,0,0,140.3309133052826,,,
CARA-2022,24,51.37500000000001,19.746121297602258,19,45,False,,True,35,35,0,0,4507,0,7,,8,-1,-1,15.846166878473014,125.51634159870446,61.22804521035621,48.23419463761309,103.46017335774377,2.7397296474321835,50.97392428504528,106.39486019965261,0.0,0.0,0,0,0,48.00167536735535,,,
CARA-2022,25,88.815,56.6068515497553,38,45,False,,True,26,26,0,0,21176,0,13,,10,309,-1,39.023084237705916,94.8202538723126,68.15006132561426,44.673870691198694,73.51632034638897,2.7708116612005935,47.44468235239929,76.30501438397914,0.0,0.0,0,0,0,101.71092343330383,,,
CARA-2022,26,74.62,34.087237479806134,31,45,False,,True,32,32,0,0,10256,0,9,,1,274,-1,23.87843043776229,158.85969072580338,75.75745662540169,58.19576585914034,129.65022812131792,2.6139346493605093,60.809700508500846,132.32811476103961,0.0,0.0,0,0,0,74.33737540245056,,,
CARA-2022,27,67.7975,19.910846953937593,29,45,False,,True,33,33,0,0,13774,0,9,,1,225,-1,19.091794595588,100.27037295745686,56.066183809919885,43.19131639706572,82.4478988791816,2.7109852164942625,45.902301613559985,85.16896767076105,0.0,0.0,0,0,0,70.14234399795532,,,
CARA-2022,28,89.655,33.136966126656844,32,45,False,,True,34,34,0,0,7252,0,8,,1,336,-1,34.39831907628104,105.63775495858863,69.56290402513787,52.88005464023323,87.74692927487195,2.771282871475099,55.651337511708334,90.46205755323172,0.0,0.0,0,0,0,87.58268785476685,,,
CARA-2022,29,89.69,25.08361204013378,27,45,False,,True,33,32,1,0,4774,0,6,,7,417,-1,39.30407551582903,141.22548528481275,74.71946718977296,60.11734209547285,119.47612492833287,2.7171405147177667,62.83448261019061,122.35623829532415,0.0,0.0,0,0,0,81.61916875839233,,,
CARA-2022,30,84.7625,36.3768115942029,29,45,False,,True,27,26,1,0,17244,0,12,,1,599,-1,46.715060805436224,106.5944507624954,67.79353204723037,49.21256403224335,83.10519479447976,2.94561660939525,52.158180641638594,85.9834500355646,0.0,0.0,0,0,0,92.62143516540527,,,
CARA-2022,31,79.795,23.796791443850267,25,45,False,,True,34,34,0,0,7605,0,8,,3,612,-1,51.40943932114169,165.2634778805077,73.4278786559582,58.91708322705696,134.3547839182429,2.8570972570037303,61.7741804840607,137.14374092873186,0.0,0.0,0,0,0,75.02144980430603,,,
CARA-2022,32,76.8575,40.56463595839524,31,45,False,,True,29,29,0,0,9319,0,12,,1,180,-1,58.84757339488715,187.92459251591936,96.7249036813671,68.17990473717003,152.58116363314912,2.951258482941565,71.1311632201116,155.6593141448684,0.0,0.0,0,0,0,89.34095096588135,,,
CARA-2022,33,82.4775,53.70370370370371,35,45,False,,True,24,24,0,0,14492,0,13,,13,157,-1,50.76272680191323,160.42957859346643,91.43259323477895,62.6667955433577,125.25684704072773,2.9686078049407607,65.63540334829845,128.25690728146583,0.0,0.0,0,0,0,92.1818196773529,,,
CARA-2022,34,82.695,73.02052785923753,38,45,False,,True,29,29,0,0,11946,0,12,,4,187,-1,71.56628415454179,192.59403612464666,97.65685372468762,66.7084012580596,158.6693994817324,2.8561884643954265,69.56458972245503,161.56669051852077,0.0,0.0,0,0,0,95.13576030731201,,,
CARA-2022,35,91.3525,20.9366391184573,27,45,False,,True,32,32,0,0,12475,0,9,,1,780,-1,25.72491375496611,93.33172012120485,59.2284070038058,43.513344550824975,73.27094472479075,2.8098172703739834,46.32316182119895,76.13450016127899,0.0,0.0,0,0,0,104.08199214935303,,,
CARA-2022,36,66.7925,43.91971664698938,26,45,False,,True,29,29,0,0,9484,0,11,,1,428,-1,35.14114823192358,137.91073395637795,85.30300798209991,66.82022138298917,111.01663579232991,2.9321454096988426,69.75236679268802,113.96196031477302,0.0,0.0,0,0,0,76.88016986846924,,,
CARA-2022,37,92.21000000000001,48.58681022880215,33,45,False,,True,30,29,1,0,3056,0,7,,1,245,-1,28.179265204817057,164.3321183999069,83.71188775926153,68.4901673407876,134.92477373452857,2.534104190792301,71.0242715315799,137.72439318010584,0.0,0.0,0,0,0,82.93761992454529,,,
CARA-2022,38,78.2825,45.300261096605745,36,45,False,,True,29,29,0,0,9416,0,12,,1,184,-1,41.039634405169636,157.49420039821416,84.9963714489584,62.272984349441614,127.12239899905398,2.7938706531178727,65.06685500255948,129.97023668605834,0.0,0.0,0,0,0,84.83329105377197,,,
CARA-2022,39,85.055,33.5483870967742,29,45,False,,True,21,21,0,0,22964,0,20,,24,307,-1,47.37805869197473,137.95374748995528,83.46673594901976,60.789755768624836,108.47800833871588,2.8696495687203156,63.65940533734515,111.36720046168193,0.0,0.0,0,0,0,92.7760238647461,,,
CARA-2022,40,80.3125,41.146496815286625,32,45,False,,True,24,24,0,0,7320,0,12,,3,224,-1,70.1156903989613,155.81991476006806,96.19313128726824,72.4701718986934,128.42546796891838,2.967922226247152,75.43809412494055,131.41563396900892,0.0,0.0,0,0,0,108.49087810516357,,,
CARA-EL-Base,21,86.24000000000001,34.12587412587413,33,45,False,,True,14,0,14,0,3562,12,,,1,115,-1,62.753514680080116,85.98515660734847,78.05014542480355,70.39775083322132,77.3250612639822,2.554380077095562,72.9521309103169,80.09105128236115,17.648408663014628,47.790391952730715,66,0,0,123.58919072151184,,,
CARA-EL-Base,22,91.99000000000001,63.47708894878706,34,45,False,,True,13,0,13,0,4880,13,,,1,342,-1,116.4421479171142,187.67181467730552,129.55823037091307,111.8473013480175,164.94563737884164,5.590366880260813,117.4376682282783,168.58505754731596,13.648905758720382,42.26792400004342,91,0,0,269.4828202724457,,,
CARA-EL-Base,23,93.1825,52.56975036710719,38,45,False,,True,19,0,19,0,4278,11,,,1,844,-1,71.66679712943733,137.81978743616492,84.31250760352378,75.46491424237243,120.87148042861372,2.918752437744396,78.38366668011682,123.89782174257562,12.422818382380202,45.26421404443681,102,0,0,182.8903124332428,,,
CARA-EL-Base,24,88.1275,54.160789844851905,35,45,False,,True,16,0,16,0,4048,12,,,1,352,-1,80.42748359963298,125.4332135641016,91.15525062735874,80.49206113201564,106.74481628695503,3.7756327182316096,84.26769385024724,114.12367379991338,13.929448680475032,41.799612052273005,81,0,0,168.83711457252502,,,
CARA-EL-Base,25,90.91,52.039151712887445,39,45,False,,True,15,0,15,0,3257,14,,,10,349,-1,95.57991295820102,128.53589987615123,101.5517244021486,91.29202249430818,116.89017470693216,3.1516849107742826,94.44370740508248,119.76190446410328,14.105629808101286,41.37045203242451,72,0,0,175.54432702064514,,,
CARA-EL-Base,26,94.17750000000001,76.25201938610662,40,45,False,,True,17,0,17,0,5648,12,,,1,187,-1,96.28230108879507,141.89572783652693,106.29504580775355,95.97316688710457,129.12233334966004,2.98042517554683,98.95359206265138,132.2529744845815,12.334590456573226,42.691122042015195,112,0,0,253.02838706970215,,,
CARA-EL-Base,27,79.65,41.3075780089153,35,45,False,,True,12,1,11,0,5061,12,,,1,149,-1,103.27377831563354,156.71351632103324,119.15129211145367,106.27959832988425,140.15548700699583,3.1073477176219706,109.38694604750621,143.10207673581317,25.61015403679027,46.743597951717675,82,0,0,151.2633011341095,,,
CARA-EL-Base,28,94.015,27.245949926362297,33,45,False,,True,14,0,14,0,1388,12,,,1,438,-1,99.9242507177405,146.49289056193084,103.9707183056319,94.20997610768462,132.52037551254034,2.7576229858346655,96.9675990935193,135.41735555278137,18.799828136583198,43.6701740254648,44,0,0,136.76270031929016,,,
CARA-EL-Base,29,88.1925,53.51170568561873,41,45,False,,True,14,0,14,0,2701,12,,,11,92,-1,91.95813899859786,163.09331188444048,109.61116583271321,97.51953099946377,145.12130316812545,3.446840711272298,100.96637171073608,148.45094129210338,17.564967964988266,43.21585898287594,57,0,0,161.48365473747253,,,
CARA-EL-Base,30,90.19500000000001,86.52173913043478,42,45,False,,False,20,0,20,0,14746,12,,,1,235,-1,87.53793396055698,116.71451399568468,92.84975644416072,82.7271948954281,105.78067182330415,3.1584772818615034,85.8856721772896,108.86835374170914,12.518838887657733,46.41540197189897,141,0,0,263.6402037143707,,,
CARA-EL-Base,31,94.02000000000001,73.66310160427807,40,45,False,,True,22,0,22,0,9322,10,,,1,275,-1,75.55041211424395,192.00666456017643,97.24738634407925,87.63539957220578,170.74363943655044,2.7448234368386313,90.38022300904443,173.87882359093055,11.510889379304203,41.92283796146512,136,0,0,271.9393708705902,,,
CARA-EL-Base,32,84.005,34.76968796433878,32,45,False,,True,11,1,10,0,3272,15,,,1,101,-1,115.98273804178461,196.03353000245988,135.31501804609076,120.03371187057101,175.35337605280802,3.438800729200011,123.47251259977102,178.5125214816071,20.953760352858808,44.17993198148906,40,0,0,165.19628286361694,,,
CARA-EL-Base,33,84.7275,48.333333333333336,35,45,False,,True,12,0,12,0,4773,12,,,1,344,-1,155.47355027403682,212.56025080103427,168.26889514805498,147.52069084672374,189.22927691135556,3.279251655381754,150.79994250210552,192.62388124363497,16.619574915328087,44.037438987288624,82,0,0,329.6656012535095,,,
CARA-EL-Base,34,82.8875,44.868035190615835,32,45,False,,True,13,0,13,0,6427,12,,,1,152,-1,86.68511524563655,162.47941358946264,105.07015514789764,93.85930081975872,147.56688518216833,3.165175696712039,97.02447651647076,151.05404033791274,18.46141636768287,42.16002795146778,54,0,0,148.66631317138672,,,
CARA-EL-Base,35,93.8325,62.25895316804407,40,45,False,,True,14,0,14,0,3843,12,,,1,298,-1,85.13240211410448,125.24324980331585,94.29796848938905,84.95346085600129,113.06704073911533,2.8673948390565065,87.82085569505779,116.3751796958968,13.964725275352402,41.569544991943985,76,0,0,169.76934480667114,,,
CARA-EL-Base,36,89.5475,86.65879574970484,40,45,False,,True,12,0,12,0,12044,11,,,1,325,-1,154.05855111777782,241.5912526799366,167.9567820302513,138.53151498630015,190.79830708913505,8.607147258108146,147.1386622444083,207.40965491859242,12.690714991270788,44.284789997618645,137,0,0,489.732581615448,,,
CARA-EL-Base,37,85.2175,54.91251682368775,33,45,False,,True,13,0,13,0,4265,13,,,1,490,-1,89.97029127785936,143.8865832798183,107.71676492667727,96.29601899688298,129.78051339043304,3.266865315606261,99.56288431248925,133.27428127173334,17.367498669325588,44.77457795292139,52,0,0,154.4688446521759,,,
CARA-EL-Base,38,83.0125,46.344647519582246,33,45,False,,True,12,0,12,0,4841,13,,,1,136,-1,105.76625584391877,148.4819333232008,114.70490572269127,103.14064535839317,135.36668216111138,3.068003685360972,106.20864904375414,138.49471079651266,16.884818754242886,45.59122899081558,61,0,0,181.7398054599762,,,
CARA-EL-Base,39,92.8725,29.677419354838708,32,45,False,,True,14,0,14,0,1500,12,,,21,550,-1,127.43517527589574,184.72016288433224,130.67951076254124,116.75761077490243,163.51338085252792,3.1083343587513,119.86594513365372,167.1105696959421,14.541392574756173,47.16101399390027,96,0,0,282.94921803474426,,,
CARA-EL-Base,40,79.0925,70.06369426751591,40,45,False,,True,7,0,7,0,6786,12,,,1,142,-1,160.2009435929358,203.90419332077727,170.6734516650892,149.590153711621,179.51248219236732,3.2851696162583948,152.8753233278794,182.73599330801517,20.736164635183805,45.17647996544838,58,0,0,265.6594121456146,,,
CARA-EL-Dyn,21,93.42,57.20279720279721,35,45,False,,True,17,0,17,0,232,12,,,1,149,-1,83.22461787844077,144.98352399561554,92.8307794770571,84.80845735379148,132.61375279165804,2.6344215610653863,87.44287891485688,135.85654146736488,13.748139887506705,63.21722699794918,86,6376,137,188.50341844558716,,,
CARA-EL-Dyn,22,92.61749999999999,33.288409703504044,29,45,False,,True,13,0,13,0,542,13,,,1,433,-1,135.28665487887338,175.56799152866006,134.91868343795363,120.70612900782079,154.7110155154951,3.2720423123949636,123.97817132021575,158.00746919587255,14.939017764006097,45.16809101914987,65,3689,54,236.99734783172607,,,
CARA-EL-Dyn,23,93.11,61.96769456681351,39,45,False,,False,27,0,27,0,350,12,,,1,382,-1,70.42827040189877,138.63080952316523,81.76492163988992,73.16913335032736,124.5510029559955,2.866119800680529,76.03525315100788,127.97575080068782,9.758806421138745,45.20167998271063,140,4196,239,237.03296160697937,,,
CARA-EL-Dyn,24,91.5875,49.647390691114246,39,45,False,,True,27,1,26,0,266,12,,,1,298,-1,78.08507492067292,122.12126491591334,86.1433273251896,77.17288708474673,107.2175413928926,3.695216616761172,80.8681037015079,112.87850843276829,12.175092475886629,42.344388959463686,103,3522,100,199.7264382839203,,,
CARA-EL-Dyn,25,94.1875,63.78466557911908,40,45,False,,True,17,0,17,0,213,14,,,10,178,-1,61.10835960600525,95.04903444321826,64.96156873356583,59.379941993286046,87.11901807459071,2.4793060750535862,61.859248068339625,90.08909643627703,12.373452686006203,42.47500101337209,76,2863,37,123.059011220932,,,
CARA-EL-Dyn,26,90.9375,23.101777059773827,32,45,False,,True,16,0,16,0,74,12,,,1,212,-1,105.66091368673369,147.30094503378496,107.98262113737874,98.17785415464832,135.3069451567717,3.0730394575641387,101.25089361221245,138.3137861196883,15.647665065545072,47.92503797216341,72,2805,89,192.9607846736908,,,
CARA-EL-Dyn,27,90.5075,76.67161961367015,36,45,False,,True,20,0,20,0,183,12,,,1,216,-1,90.25196932721883,125.83364367717877,94.96794115703896,85.80758770795028,119.16801368119195,2.898236965825756,88.70582467377604,121.59894376527518,14.146890993513281,47.288820962421596,97,2914,181,207.5875985622406,,,
CARA-EL-Dyn,28,93.1425,61.26656848306333,40,45,False,,True,27,0,27,0,136,12,,,1,444,-1,61.775340323802084,91.29977160599083,64.36493855930878,58.96622566831749,82.40168262040243,2.2750669925903333,61.241292660907824,85.63316214131191,10.680047073496157,42.44550201110542,123,4884,132,168.586101770401,,,
CARA-EL-Dyn,29,89.235,29.76588628762542,35,45,False,,True,16,0,16,0,189,12,,,11,126,-1,80.77207908267155,116.0294896014966,87.68973455138298,79.88017798588326,105.2707175957039,3.248663817647159,83.12884180353042,108.6629259167239,17.472353372189293,41.82081902399659,48,2040,62,125.42900705337524,,,
CARA-EL-Dyn,30,88.0525,46.666666666666664,33,45,False,,True,17,0,17,0,124,12,,,1,267,-1,93.71048148022965,113.99871780304238,102.87690624654954,92.56856656588191,103.87935124337673,3.1692507699445933,95.7378173358265,106.97911768686026,18.053168213411578,45.969778962899,57,2357,103,158.7473874092102,,,
CARA-EL-Dyn,31,96.72500000000001,28.609625668449194,31,45,False,,True,17,1,16,0,625,11,,,1,426,-1,80.36360624013469,112.77409467613325,81.33766875124748,75.27881565909267,105.94288717024028,2.3684107794034635,77.64722643849612,108.94205948105082,14.04253334061582,42.051513970363885,107,6662,110,164.00912475585938,,,
CARA-EL-Dyn,32,93.9175,47.99405646359584,38,45,False,,True,15,1,14,0,240,15,,,1,142,-1,105.41972185019404,195.18050856422633,121.76999588207971,108.75115657853517,176.11490041017532,3.580638613285142,112.33179519182032,179.3689856887795,15.543897964314304,44.38891902100295,77,2241,30,192.5747368335724,,,
CARA-EL-Dyn,33,91.6775,56.666666666666664,35,45,False,,True,23,0,23,0,244,12,,,1,404,-1,132.70364800235257,190.59032816207036,136.71024312313435,120.69026308831057,170.4457013704814,3.2863190580138677,123.97658214632443,174.49747945182025,12.62448528061875,52.87095799576491,110,4367,45,339.4694993495941,,,
CARA-EL-Dyn,34,87.3925,14.369501466275661,29,45,False,,True,16,0,16,0,202,12,,,1,578,-1,94.75667935796082,132.63403555378318,104.04893610621457,94.218892889794,121.9512196443975,3.3662220367326277,97.58511492652663,125.08516520261765,18.079442506529052,42.24887100281194,55,2679,74,155.75072050094604,,,
CARA-EL-Dyn,35,93.75250000000001,68.59504132231406,43,45,False,,True,16,0,16,0,192,12,,,1,304,-1,86.23368228320032,123.6194071220234,93.04054765892273,84.31531146338988,113.68555832654238,2.8032104796176864,87.11852194300756,116.7276351689361,13.880984611035782,42.46733104810119,59,2531,33,144.7191882133484,,,
CARA-EL-Dyn,36,92.2225,79.5749704840614,38,45,False,,True,17,0,17,0,547,11,,,1,382,-1,128.0283536016941,173.66319719236344,129.6546024879946,109.6025401489844,141.2771727424115,7.320197422825092,116.92273757180949,153.1524613313377,12.704142484066184,44.9512759805657,104,2278,49,310.43413949012756,,,
CARA-EL-Dyn,37,92.45,81.15746971736203,41,45,False,,True,17,0,17,0,680,13,,,1,512,-1,77.7729579131119,118.98945472436026,78.1894827035427,71.16917401408577,107.42264171596617,2.8978486194944817,74.06702263358025,110.61543128453195,11.451252803413404,42.630812036804855,90,2056,22,167.07880759239197,,,
CARA-EL-Dyn,38,88.8975,30.156657963446477,33,45,False,,True,17,0,17,0,92,13,,,1,139,-1,83.48876744508743,135.78053564066067,97.43853163576466,88.53688865588006,123.38397006969899,3.015233625555631,91.5521222814357,126.4470922597684,15.76658765000086,46.24914802843705,59,1873,22,151.05199098587036,,,
CARA-EL-Dyn,39,88.29249999999999,21.548387096774192,30,45,False,,True,15,0,15,0,103,12,,,21,525,-1,129.469969405327,176.89116031862795,134.65554363290016,121.24477043100107,157.0460400241427,3.062638865847338,124.30740929684842,160.03243482438847,18.05886061862111,45.506757975090295,50,2783,50,200.74362587928772,,,
CARA-EL-Dyn,40,95.12,53.63057324840764,38,45,False,,True,13,0,13,0,425,12,,,1,202,-1,183.74399876454845,256.64592172252014,186.78693327957117,161.99002805641837,212.94201031094417,7.27664991652895,169.26667797294732,229.3096635513939,15.21683670883552,45.4995259642601,96,2239,17,424.3532691001892,,,
